Fecha_Ocurrencia,Direccion,Barrio,Vehiculos Involucrados,Heridos,Accidente con,Muertes,Clase de Accidente,Día,Mes,Año,Mortalidad,Mortalidad_label
2024-01-03,CALLE 14A CARRERA 34   BACHUE,BACHUE,2,2,HERIDOS,0,CHOQUE,3,1,2024,False,Sin mortalidad
2024-01-06,CALLE 14 CARRERA  28   SAN JOSÃ,SAN JOSÃ,2,3,HERIDOS,0,CHOQUE,6,1,2024,False,Sin mortalidad
2024-01-09,KILOMETRO 7+800 MTS,No registra,1,1,HERIDOS,0,CHOQUE,9,1,2024,False,Sin mortalidad
2024-01-12,AVENIDA 23 N. 24 - 07   LA TIZA,LA TIZA,2,2,HERIDOS,0,CHOQUE,12,1,2024,False,Sin mortalidad
2024-01-12,KILOMETRO 3+500 MTS VIA CHICHIMENE ESTACION ACACIAS,No registra,2,1,HERIDOS,0,CHOQUE,12,1,2024,False,Sin mortalidad
2024-01-15,CALLE 13 N.22+48  -  COOPERATIVO,COOPERATIVO,1,1,HERIDOS,0,CHOQUE,15,1,2024,False,Sin mortalidad
2024-01-17,CALLE 18 N 21-56 -  MANCERA,MANCERA,2,1,HERIDOS,0,CHOQUE,17,1,2024,False,Sin mortalidad
2024-01-27,CALLE 10 N 23 -01  -  DORADO,DORADO,2,1,HERIDOS,0,CHOQUE,27,1,2024,False,Sin mortalidad
2021-01-26,DIAGONAL 15 CARRERA 31 - VILLA DEL SOL  VEREDA,No registra,1,0,MUERTOS,1,CHOQUE,26,1,2021,True,Con mortalidad
2024-02-07,AVENIDA 23 CARRERA  27 -,No registra,2,1,HERIDOS,0,CHOQUE,7,2,2024,False,Sin mortalidad
2024-02-12,CALLE 11 CARRERA 23  -  DORADO,DORADO,2,1,HERIDOS,0,CHOQUE,12,2,2024,False,Sin mortalidad
2024-02-12,AVENIDA 23 N. 5A-93 -  PABLO EMILIO RIVEROS,PABLO EMILIO RIVEROS,2,1,HERIDOS,0,CHOQUE,12,2,2024,False,Sin mortalidad
2024-02-14,CALLE 18 CARRERA 14 -  SAN CRISTOBAL LOMA DE TIGRE,SAN CRISTOBAL,2,3,HERIDOS,0,CHOQUE,14,2,2024,False,Sin mortalidad
2024-02-15,KILOMETRO 1+200 MTS   -,No registra,2,1,HERIDOS,0,CHOQUE,15,2,2024,False,Sin mortalidad
2024-02-15,CARRERA 23 N.17 -76  -  MANCERA,MANCERA,2,3,HERIDOS,0,CHOQUE,15,2,2024,False,Sin mortalidad
2024-02-18,CALLE 18 N-4-01  -  POPULAR,POPULAR,2,1,HERIDOS,0,CHOQUE,18,2,2024,False,Sin mortalidad
2024-02-18,CARRERA 23 N.16A-35  -  EL BOSQUE,EL BOSQUE,2,2,HERIDOS,0,CHOQUE,18,2,2024,False,Sin mortalidad
2024-02-20,CALLE 12 CARRERA 26 -  DORADO,DORADO,2,1,HERIDOS,0,CHOQUE,20,2,2024,False,Sin mortalidad
2024-02-21,CALLE 15 CARRERA 33 -,No registra,2,1,HERIDOS,0,CHOQUE,21,2,2024,False,Sin mortalidad
2024-02-22,KILOMETRO 3 VIA ANTIGUA GUAMAL  -,No registra,1,0,MUERTOS,1,CHOQUE,22,2,2024,True,Con mortalidad
2024-02-24,CALLE 17 CARRERA 6 -  POPULAR,POPULAR,2,3,HERIDOS,0,CHOQUE,24,2,2024,False,Sin mortalidad
2024-02-27,KILOMETRO 57+100 MTS VIA GRANADA -VILLAVICENCIO  -,No registra,2,0,MUERTOS,2,CHOQUE,27,2,2024,True,Con mortalidad
2024-03-03,KILOMETRO KM 7 VIA ANTIGUA GUAMAL  -,No registra,2,2,HERIDOS,0,CHOQUE,3,3,2024,False,Sin mortalidad
2024-03-05,CALLE 15 CARRERA 47 -  COLINAS EL ROSARIO,COLINAS,2,1,HERIDOS,0,CHOQUE,5,3,2024,False,Sin mortalidad
2024-03-11,CARRERA 33 CALLE  14A -  BACHUE,BACHUE,2,3,HERIDOS,0,CHOQUE,11,3,2024,False,Sin mortalidad
2024-03-23,CALLE 13 N 19-70  -,No registra,1,1,MUERTOS,1,ATROPELLO,23,3,2024,True,Con mortalidad
2024-03-29,KILOMETRO 0+400 MTS VIA ANTIGUA GUAMAL  -,No registra,2,2,HERIDOS,0,CHOQUE,29,3,2024,False,Sin mortalidad
2024-03-27,AVENIDA 23 CARRERA 27A -  VILLA LUCIA,VILLA LUCIA,2,1,HERIDOS,0,CHOQUE,27,3,2024,False,Sin mortalidad
2024-03-30,CALLE 18 N 9-50  -  POPULAR,POPULAR,1,1,HERIDOS,0,ATROPELLO,30,3,2024,False,Sin mortalidad
2024-04-10,CALLE 14 CARRERA 41 -  COMCAJA RANCHO GRANDE,COMCAJA,2,2,HERIDOS,0,CHOQUE,10,4,2024,False,Sin mortalidad
2024-04-10,KILOMETRO 1 VIA ACACIAS -VILLAVICENCIO  -  VILLA MANUELA,VILLA MANUELA,2,3,HERIDOS,0,CHOQUE,10,4,2024,False,Sin mortalidad
2024-04-11,CALLE 11 CRA 31 -  SAMAN BRISAS DEL GUAYURIBA,SAMAN,3,2,HERIDOS,0,CHOQUE,11,4,2024,False,Sin mortalidad
2024-04-11,CALLE 19 N.22A  -  SIN INFORMACIÃN DEL BARRIO RANCHO GRANDE,No registra,2,2,HERIDOS,0,CHOQUE,11,4,2024,False,Sin mortalidad
2024-04-14,CARRERA 15 6A -77  -  MALECÃN TURISTICO,MALECÃN TURISTICO,2,3,HERIDOS,0,CHOQUE,14,4,2024,False,Sin mortalidad
2024-04-19,CALLE 20 CARRERA 49 -  COLINAS,COLINAS,2,1,HERIDOS,0,CHOQUE,19,4,2024,False,Sin mortalidad
2024-04-21,CALLE 13 CARRERA 18 -  CENTRO,CENTRO,2,3,HERIDOS,0,CHOQUE,21,4,2024,False,Sin mortalidad
2024-04-25,CALLE 14 CARRERA 12 -  JUAN MELLAO,JUAN MELLAO,2,1,HERIDOS,0,CHOQUE,25,4,2024,False,Sin mortalidad
2024-04-27,CALLE 12 CARRERA 25 -  DORADO BAJO,DORADO BAJO,2,1,HERIDOS,0,CHOQUE,27,4,2024,False,Sin mortalidad
2024-04-28,CARRERA 36 N. 9-82  -  INDEPENDENCIA,INDEPENDENCIA,1,2,HERIDOS,0,ATROPELLO,28,4,2024,False,Sin mortalidad
2024-04-29,CALLE 15 CARRERA 22 -  COOPERATIVO,COOPERATIVO,3,2,HERIDOS,0,CHOQUE,29,4,2024,False,Sin mortalidad
2024-05-06,CALLE 19 CARRERA 18A -  MANCERA,MANCERA,2,2,HERIDOS,0,CHOQUE,6,5,2024,False,Sin mortalidad
2024-05-07,CARRERA 31 CALLE  16C -  BACHUE,BACHUE,2,3,HERIDOS,0,CHOQUE,7,5,2024,False,Sin mortalidad
2024-05-11,CALLE 15 N.21-76  -  SIN INFORMACIÃN DEL BARRIO,No registra,1,1,HERIDOS,0,ATROPELLO,11,5,2024,False,Sin mortalidad
2024-05-22,DIAGONAL 15 CARRERA 30 -  ASOCIACIÃN DE AMIGOS,ASOCIACIÃN DE AMIGOS,2,1,HERIDOS,0,CHOQUE,22,5,2024,False,Sin mortalidad
2024-05-22,KILOMETRO 1 VIA VEREDA ESMERALDA  -,No registra,1,1,HERIDOS,0,CHOQUE,22,5,2024,False,Sin mortalidad
2024-05-26,DIAGONAL 15 CARRERA 41 - VILLA AURORA,No registra,2,3,HERIDOS,0,CHOQUE,26,5,2024,False,Sin mortalidad
2024-05-26,KILOMETRO 26 + 645  -  VÃA GRANADA-VILLAVICENCIO,Afueras de la ciudad,1,1,HERIDOS,0,CHOQUE,26,5,2024,False,Sin mortalidad
2024-05-27,KILOMETRO 19 VIA VAQUEROS CLUB -,No registra,3,0,MUERTOS,1,CHOQUE,27,5,2024,True,Con mortalidad
2024-06-01,KILOMETRO 2+200 MTS  VIA  ACACIAS  ANTIGUA GUAMAL -  VÃA ANTIGUA GUAMAL,VÃA ANTIGUA GUAMAL,2,1,HERIDOS,0,CHOQUE,1,6,2024,False,Sin mortalidad
2024-06-08,KILOMETRO 00+900 MTS VIA ANTIGUA  GUAMAL -,No registra,2,1,HERIDOS,0,CHOQUE,8,6,2024,False,Sin mortalidad
2024-06-09,CALLE 13 CARRERA 21 -  COOPERATIVO,COOPERATIVO,2,2,HERIDOS,0,CHOQUE,9,6,2024,False,Sin mortalidad
2024-06-07,CARRERA 23 CALLE 5 -  PABLO EMILIO RIVEROS,PABLO EMILIO RIVEROS,2,2,HERIDOS,0,CHOQUE,7,6,2024,False,Sin mortalidad
2024-06-16,CALLE 14 CARRERA 45A -  CIMARRON,CIMARRON,1,0,MUERTOS,1,CHOQUE,16,6,2024,True,Con mortalidad
2024-06-19,KILOMETRO 26+500 MTS VIA VILLAVICENCIO  GRANADA -,No registra,2,0,MUERTOS,1,CHOQUE,19,6,2024,True,Con mortalidad
2024-06-20,CARRERA 23 +18-35   -  MANCERA ESMERALDA,MANCERA,2,1,HERIDOS,0,CHOQUE,20,6,2024,False,Sin mortalidad
2024-06-20,CALLE 14 CARRERA 26 -  SIN INFORMACIÃN DEL BARRIO,No registra,2,1,HERIDOS,0,CHOQUE,20,6,2024,False,Sin mortalidad
2024-06-21,CALLE 20 48  -  BRISAS DE LA COLINA,BRISAS DE LA COLINA,2,2,HERIDOS,0,CHOQUE,21,6,2024,False,Sin mortalidad
2024-06-22,CALLE 23 N 19-16  - ARAGUANEY  LA PRIMAVERA,No registra,2,1,HERIDOS,0,CHOQUE,22,6,2024,False,Sin mortalidad
2024-06-24,KILOMETRO 10+100 MTS VIA ACACIAS  CHCICHIMENE -,No registra,2,2,HERIDOS,0,CHOQUE,24,6,2024,False,Sin mortalidad
2024-06-25,CALLE 18 N.9-50  - PALERMO  RANCHO GRANDE,No registra,2,1,HERIDOS,0,CHOQUE,25,6,2024,False,Sin mortalidad
2024-06-27,CALLE 13 CARRERA  15 -  CENTRO,CENTRO,2,2,HERIDOS,0,CHOQUE,27,6,2024,False,Sin mortalidad
2024-06-27,DIAGONAL 15 N 23 -17  -  SAN JOSÃ,SAN JOSÃ,1,3,HERIDOS,0,ATROPELLO,27,6,2024,False,Sin mortalidad
2024-07-03,KILOMETRO 4 VIA ACACIAS  DINAMARCA -,No registra,2,1,HERIDOS,0,CHOQUE,3,7,2024,False,Sin mortalidad
2024-07-07,KILOMETRO 0+400 MTS ACACIAS  VEREDA RANCHO  GRANDE,No registra,2,1,HERIDOS,0,CHOQUE,7,7,2024,False,Sin mortalidad
2024-07-10,CALLE 18 CARRERA  17 -  MANCERA,MANCERA,1,1,HERIDOS,0,CHOQUE,10,7,2024,False,Sin mortalidad
2024-07-10,CARRERA 25 CALLE  10A - B/EVEREST,No registra,2,1,HERIDOS,0,CHOQUE,10,7,2024,False,Sin mortalidad
2024-07-10,KILOMETRO 53+200 MTS   -  VÃA GRANADA-VILLAVICENCIO,Afueras de la ciudad,1,1,HERIDOS,0,ATROPELLO,10,7,2024,False,Sin mortalidad
2024-07-11,CALLE 16 CARRERA 33 -  BACHUE,BACHUE,2,1,HERIDOS,0,CHOQUE,11,7,2024,False,Sin mortalidad
2024-07-13,CARRERA 20 N 16A - 30  -  MANCERA SAN ISIDRO DE CHICHIMENE,MANCERA,1,0,MUERTOS,1,OTRO,13,7,2024,True,Con mortalidad
2024-07-14,DIAGONAL 15 N-34 -01  - PRADOS CODEM,No registra,2,3,HERIDOS,0,CHOQUE,14,7,2024,False,Sin mortalidad
2024-07-17,KILOMETRO 1+200 MTS   -,No registra,2,2,HERIDOS,0,CHOQUE,17,7,2024,False,Sin mortalidad
2024-07-16,CARRERA 4 N. 18 - 96   -  POPULAR,POPULAR,2,2,HERIDOS,0,CHOQUE,16,7,2024,False,Sin mortalidad
2024-07-20,CALLE 11 CARRERA 25 -  SAMAN SANTA TERESITA,SAMAN,2,1,HERIDOS,0,CHOQUE,20,7,2024,False,Sin mortalidad
2024-07-26,KILOMETRO 45+500 MTS   -  VÃA GRANADA-VILLAVICENCIO,Afueras de la ciudad,2,2,HERIDOS,0,CHOQUE,26,7,2024,False,Sin mortalidad
2024-08-03,CALLE 16A N.41 -33  -  BALCONES DE SAN DIEGO,BALCONES DE SAN DIEGO,1,1,HERIDOS,0,ATROPELLO,3,8,2024,False,Sin mortalidad
2024-08-09,CALLE 15 CARRERA 15 -  SIN INFORMACIÃN DEL BARRIO,No registra,2,1,HERIDOS,0,CHOQUE,9,8,2024,False,Sin mortalidad
2024-08-10,CALLE 14 CARRERA 30 - BANCARIIOS,No registra,2,3,HERIDOS,0,CHOQUE,10,8,2024,False,Sin mortalidad
2024-08-10,AVENIDA 23 N. 28-65  -  VILLA LUCIA,VILLA LUCIA,2,2,HERIDOS,0,CHOQUE,10,8,2024,False,Sin mortalidad
2024-08-12,CALLE 14 CRA 36 -  SIN INFORMACIÃN DEL BARRIO,No registra,2,2,HERIDOS,0,CHOQUE,12,8,2024,False,Sin mortalidad
2024-08-18,CARRERA 17 CALLE  17 -  SIN INFORMACIÃN DEL BARRIO,No registra,2,1,HERIDOS,0,CHOQUE,18,8,2024,False,Sin mortalidad
2024-08-17,DIAGONAL 8 N.18-127  - BARR/LAS FERIAS,No registra,2,2,HERIDOS,0,CHOQUE,17,8,2024,False,Sin mortalidad
2024-08-17,CARRERA 23 FRENTE ALA ESTACION PRIMAX  -,No registra,2,2,HERIDOS,0,CHOQUE,17,8,2024,False,Sin mortalidad
2024-08-18,KILOMETRO 15 VIA VAQUEROS -CHICHIMENE  -,No registra,2,0,MUERTOS,1,CHOQUE,18,8,2024,True,Con mortalidad
2024-08-20,CALLE 13 CARRERA 25 -  SAN JOSÃ,SAN JOSÃ,2,1,HERIDOS,0,CHOQUE,20,8,2024,False,Sin mortalidad
2024-08-24,CALLE 16 CARRERA 31 -  SIN INFORMACIÃN DEL BARRIO,No registra,2,1,HERIDOS,0,CHOQUE,24,8,2024,False,Sin mortalidad
2024-08-23,CARRERA 30 N-22A-20  -  LA ORQUIDEA REAL,LA ORQUIDEA REAL,2,1,HERIDOS,0,CHOQUE,23,8,2024,False,Sin mortalidad
2024-08-29,KILOMETRO 27+200 MTS   -  VÃA GRANADA-VILLAVICENCIO,Afueras de la ciudad,2,2,HERIDOS,0,CHOQUE,29,8,2024,False,Sin mortalidad
2024-09-07,CARRERA 23 N 11-05  - DORADO ALTO,No registra,2,1,HERIDOS,0,CHOQUE,7,9,2024,False,Sin mortalidad
2024-09-05,CALLE 14 N.15-56  -  SIN INFORMACIÃN DEL BARRIO,No registra,3,3,HERIDOS,0,CHOQUE,5,9,2024,False,Sin mortalidad
2024-09-07,KILOMETRO 56+210 MTS   -  VÃA GRANADA-VILLAVICENCIO,Afueras de la ciudad,1,1,HERIDOS,0,ATROPELLO,7,9,2024,False,Sin mortalidad
2024-09-11,KILOMETRO 46+650 MTS   -  VÃA GRANADA-VILLAVICENCIO,Afueras de la ciudad,2,2,HERIDOS,0,CHOQUE,11,9,2024,False,Sin mortalidad
2024-09-15,CARRERA 23 N 25-39  -  VILLA MAGALY,VILLA MAGALY,2,2,HERIDOS,0,CHOQUE,15,9,2024,False,Sin mortalidad
2024-09-15,CARRERA 47 CALLE 18 -  SIN INFORMACIÃN DEL BARRIO SANTA ROSA,No registra,2,2,HERIDOS,0,CHOQUE,15,9,2024,False,Sin mortalidad
2024-09-22,KILOMETRO 8+200 MTS VIA ESMERALDA -CHICHIMENE  -,No registra,2,1,HERIDOS,0,CHOQUE,22,9,2024,False,Sin mortalidad
2024-09-25,DIAGONAL 15 CARRERA 21 -  COOPERATIVO,COOPERATIVO,2,1,HERIDOS,0,CHOQUE,25,9,2024,False,Sin mortalidad
2024-09-26,CALLE 14 N 30 - 10  -  BACHUE,BACHUE,2,2,HERIDOS,0,CHOQUE,26,9,2024,False,Sin mortalidad
2024-09-30,KILOMETRO 53+850 MTS   -  VÃA GRANADA-VILLAVICENCIO,Afueras de la ciudad,2,2,HERIDOS,0,CHOQUE,30,9,2024,False,Sin mortalidad
2024-10-06,CARRERA 23 N.14-89  -  COOPERATIVO,COOPERATIVO,2,2,HERIDOS,0,CHOQUE,6,10,2024,False,Sin mortalidad
2024-10-09,CALLE 17 CARRERA 19 -  MANCERA,MANCERA,2,2,HERIDOS,0,CHOQUE,9,10,2024,False,Sin mortalidad
2024-10-13,CALLE 19 N.20 -36  -  MANCERA,MANCERA,2,2,HERIDOS,0,CHOQUE,13,10,2024,False,Sin mortalidad
2024-10-14,KILOMETRO 1+900 MTS   - VIA,No registra,3,4,HERIDOS,0,CHOQUE,14,10,2024,False,Sin mortalidad
2024-10-13,CALLE 14 CARRERA 29 - BANCARIOS,No registra,2,2,HERIDOS,0,CHOQUE,13,10,2024,False,Sin mortalidad
2024-10-11,KILOMETRO 44+700 MTS   -  VÃA GRANADA-VILLAVICENCIO,Afueras de la ciudad,3,1,HERIDOS,0,CHOQUE,11,10,2024,False,Sin mortalidad
2024-10-16,CALLE 16 CRA 42 -  SIN INFORMACIÃN DEL BARRIO ESMERALDA,No registra,2,2,HERIDOS,0,CHOQUE,16,10,2024,False,Sin mortalidad
2024-10-16,AVENIDA 23 N.29A-37  -  SIN INFORMACIÃN DEL BARRIO,No registra,2,1,HERIDOS,0,CHOQUE,16,10,2024,False,Sin mortalidad
2024-10-17,CALLE 18 CARRERA 14 -  SIN INFORMACIÃN DEL BARRIO,No registra,2,2,HERIDOS,0,CHOQUE,17,10,2024,False,Sin mortalidad
2024-10-19,KILOMETRO 44+500 MTS   -  VÃA GRANADA-VILLAVICENCIO,Afueras de la ciudad,2,1,MUERTOS,1,CHOQUE,19,10,2024,True,Con mortalidad
2024-10-18,CARRERA 31 N. 14-10       -  BACHUE,BACHUE,2,1,HERIDOS,0,CHOQUE,18,10,2024,False,Sin mortalidad
2024-10-22,KILOMETRO 46+630 MTS   -,No registra,2,1,HERIDOS,0,CHOQUE,22,10,2024,False,Sin mortalidad
2024-10-25,CALLE 10 N. 23-24  -  SIN INFORMACIÃN DEL BARRIO,No registra,2,1,HERIDOS,0,CHOQUE,25,10,2024,False,Sin mortalidad
2024-10-25,AVENIDA 23 N .27A - 55  -  VILLA LUCIA RANCHO GRANDE,VILLA LUCIA,2,1,HERIDOS,0,CHOQUE,25,10,2024,False,Sin mortalidad
2024-10-27,AVENIDA 23 N.29A-50  -  ASOCIACIÃN DE AMIGOS,ASOCIACIÃN DE AMIGOS,2,1,HERIDOS,0,CHOQUE,27,10,2024,False,Sin mortalidad
2024-10-31,CARRERA 18 N.13-69  -  SIN INFORMACIÃN DEL BARRIO,No registra,1,1,HERIDOS,0,ATROPELLO,31,10,2024,False,Sin mortalidad
2024-11-01,CALLE 14 N.21-11  -  COOPERATIVO,COOPERATIVO,2,0,MUERTOS,1,CHOQUE,1,11,2024,True,Con mortalidad
2024-11-02,KILOMETRO 5 CAMELLON 10  -,No registra,2,1,HERIDOS,0,CHOQUE,2,11,2024,False,Sin mortalidad
2024-11-06,AVENIDA 23 CARRERA 18 -  PABLO EMILIO RIVEROS,PABLO EMILIO RIVEROS,2,3,HERIDOS,0,CHOQUE,6,11,2024,False,Sin mortalidad
2024-11-06,CALLE 14 CRA 42 -  SIN INFORMACIÃN DEL BARRIO,No registra,2,2,HERIDOS,0,CHOQUE,6,11,2024,False,Sin mortalidad
2024-11-08,CALLE 20 CARRERA 49 -  BRISAS DE LA COLINA,BRISAS DE LA COLINA,2,2,HERIDOS,0,CHOQUE,8,11,2024,False,Sin mortalidad
2024-11-10,CALLE 16 N.29-31  -  SIN INFORMACIÃN DEL BARRIO EL CENTRO,No registra,2,1,HERIDOS,0,CHOQUE,10,11,2024,False,Sin mortalidad
2024-11-12,KILOMETRO 56+010 MTS   -  VÃA GRANADA-VILLAVICENCIO,Afueras de la ciudad,2,2,HERIDOS,0,CHOQUE,12,11,2024,False,Sin mortalidad
2024-11-15,AVENIDA 23 CARRERA 27A -  VILLA LUCIA,VILLA LUCIA,2,1,HERIDOS,0,CHOQUE,15,11,2024,False,Sin mortalidad
2024-11-16,KILOMETRO 48+020 MTS   -  VÃA GRANADA-VILLAVICENCIO,Afueras de la ciudad,2,1,HERIDOS,0,CHOQUE,16,11,2024,False,Sin mortalidad
2024-11-20,AVENIDA 23 CARRERA 42 ENTRADA ENS  VÃA PRINCIPAL-AVENIDA 23,VÃA PRINCIPAL-AVENIDA 23,2,3,HERIDOS,0,CHOQUE,20,11,2024,False,Sin mortalidad
2024-11-21,CALLE 15 CARRERA 21 -  SIN INFORMACIÃN DEL BARRIO,No registra,2,1,HERIDOS,0,CHOQUE,21,11,2024,False,Sin mortalidad
2024-11-22,AVENIDA 23 N:34-40  -  SIN INFORMACIÃN DEL BARRIO ESMERALDA,No registra,2,1,HERIDOS,0,CHOQUE,22,11,2024,False,Sin mortalidad
2024-11-24,CALLE 14 CARRERA 31 -  SIN INFORMACIÃN DEL BARRIO,No registra,2,2,HERIDOS,0,CHOQUE,24,11,2024,False,Sin mortalidad
2024-11-28,KILOMETRO 4+100 MTS VIA ANTIGUA GUAMAL  -,No registra,2,0,MUERTOS,1,CHOQUE,28,11,2024,True,Con mortalidad
2024-12-01,KILOMETRO 23 VIA  CHICHIMENE VIA SAN CARLOS  DE GUAROA -,No registra,1,0,MUERTOS,1,CHOQUE,1,12,2024,True,Con mortalidad
2024-12-01,CARRERA  50 N-15A-17  -  SIN INFORMACIÃN DEL BARRIO,No registra,2,3,HERIDOS,0,CHOQUE,1,12,2024,False,Sin mortalidad
2024-12-05,DIAGONAL 15 CARRERA 42 - VILLA COLONIAL,No registra,2,3,HERIDOS,0,CHOQUE,5,12,2024,False,Sin mortalidad
2024-12-07,CALLE 14 N.33 -05  -,No registra,2,2,HERIDOS,0,CHOQUE,7,12,2024,False,Sin mortalidad
2024-12-05,KILOMETRO 0+500 MTS   - VEREDA EL PLAYON  EL CENTRO,No registra,1,0,MUERTOS,1,CHOQUE,5,12,2024,True,Con mortalidad
2024-12-09,CARRERA 31 CALLE 16C  -  BACHUE,BACHUE,2,2,HERIDOS,0,CHOQUE,9,12,2024,False,Sin mortalidad
2024-12-06,CARRERA 47 N: 18 -35       -  COLINAS,COLINAS,1,1,HERIDOS,0,ATROPELLO,6,12,2024,False,Sin mortalidad
2024-12-11,CALLE 16 CARRERA 6 -  POPULAR,POPULAR,2,3,HERIDOS,0,CHOQUE,11,12,2024,False,Sin mortalidad
2024-12-11,DIAGONAL 15 N. 29B-03  -,No registra,2,1,HERIDOS,0,CHOQUE,11,12,2024,False,Sin mortalidad
2024-12-14,CALLE 14 CARRERA 40-15 -  INDEPENDENCIA RANCHO GRANDE,INDEPENDENCIA,2,2,HERIDOS,0,CHOQUE,14,12,2024,False,Sin mortalidad
2024-12-16,KILOMETRO 4 VIA GRAVICOL  -,No registra,1,0,DAÃOS MATERIALES,0,CHOQUE,16,12,2024,False,Sin mortalidad
2024-12-14,CALLE 15 CARRERA 19 -  CENTRO,CENTRO,2,1,HERIDOS,0,CHOQUE,14,12,2024,False,Sin mortalidad
2024-12-14,CALLE 18 CARRERA 12 -  VILLA TERESA,VILLA TERESA,2,3,HERIDOS,0,CHOQUE,14,12,2024,False,Sin mortalidad
2024-12-18,CALLE 10A CARRERA  27 -  SIN INFORMACIÃN DEL BARRIO,No registra,2,3,HERIDOS,0,CHOQUE,18,12,2024,False,Sin mortalidad
2024-12-18,CALLE 17 N.16 -03  -  SAN CRISTOBAL,SAN CRISTOBAL,2,1,HERIDOS,0,CHOQUE,18,12,2024,False,Sin mortalidad
2024-12-21,CALLE 15 N. 20 -04  -  COOPERATIVO,COOPERATIVO,2,1,HERIDOS,0,CHOQUE,21,12,2024,False,Sin mortalidad
2024-12-23,CARRERA 14 N.19 -87  -  SIN INFORMACIÃN DEL BARRIO,No registra,2,2,HERIDOS,0,CHOQUE,23,12,2024,False,Sin mortalidad
2024-12-22,KILOMETRO 47+260   - CODESOLA VÃA GRANADA-VILLAVICENCIO,Afueras de la ciudad,3,3,MUERTOS,3,CHOQUE,22,12,2024,True,Con mortalidad
2023-01-01,CARRERA 14 CALL 6  VIA LA ESMERALDA  SIN INFORMACIÃN DEL BARRIO,No registra,1,1,HERIDOS,0,ATROPELLO,1,1,2023,False,Sin mortalidad
2022-01-01,AVENIDA 23 N: 28-19 -  VILLA LUCIA,VILLA LUCIA,2,2,HERIDOS,0,CHOQUE,1,1,2022,False,Sin mortalidad
2023-01-02,KILOMETRO 26+800 MTS   -  VÃA GRANADA-VILLAVICENCIO,Afueras de la ciudad,2,1,HERIDOS,0,CHOQUE,2,1,2023,False,Sin mortalidad
2023-01-08,CALLE 13 CARRERA 15 -  CENTRO,CENTRO,2,1,HERIDOS,0,CHOQUE,8,1,2023,False,Sin mortalidad
2023-01-10,CALLE 13 CARRERA 21 -  SIN INFORMACIÃN DEL BARRIO,No registra,2,1,HERIDOS,0,CHOQUE,10,1,2023,False,Sin mortalidad
2023-01-01,CALLE 16A N 27-33 -  SIN INFORMACIÃN DEL BARRIO,No registra,2,1,HERIDOS,0,CHOQUE,1,1,2023,False,Sin mortalidad
2023-01-15,DIAGONAL 6 N 29A-97  BARRIO PANORAMA,No registra,1,2,HERIDOS,0,CHOQUE,15,1,2023,False,Sin mortalidad
2023-01-19,AVENIDA 23 CARRERA  30 -  LA ORQUIDEA REAL,LA ORQUIDEA REAL,2,1,HERIDOS,0,CHOQUE,19,1,2023,False,Sin mortalidad
2023-01-20,CARRERA 31 # 16F -80  -  BACHUE,BACHUE,2,1,HERIDOS,0,CHOQUE,20,1,2023,False,Sin mortalidad
2023-01-20,CARRERA 23 N 12-20 -  DORADO,DORADO,1,1,HERIDOS,0,ATROPELLO,20,1,2023,False,Sin mortalidad
2023-01-28,CALLE 14 N 24-20 -  SAN JOSÃ,SAN JOSÃ,2,3,HERIDOS,0,CHOQUE,28,1,2023,False,Sin mortalidad
2023-01-14,KILOMETRO 45+500 MTS   SECTOR VAQUEROS   VÃA GRANADA-VILLAVICENCIO,Afueras de la ciudad,2,1,HERIDOS,0,CHOQUE,14,1,2023,False,Sin mortalidad
2023-01-24,KILOMETRO 56+500 MTS   SECTOR GUAYURIBA  VÃA GRANADA-VILLAVICENCIO,Afueras de la ciudad,1,2,HERIDOS,0,ATROPELLO,24,1,2023,False,Sin mortalidad
2023-01-27,KILOMETRO 45+700 MTS   SECTOR CHICHIMENE  VÃA GRANADA-VILLAVICENCIO,Afueras de la ciudad,2,1,MUERTOS,1,CHOQUE,27,1,2023,True,Con mortalidad
2023-02-01,CARRERA 36 CALLE 12A-152 -  INDEPENDENCIA,INDEPENDENCIA,2,2,HERIDOS,0,CHOQUE,1,2,2023,False,Sin mortalidad
2023-02-02,CARRERA 47 CALLE 16 INTERS -  COLINAS,COLINAS,2,1,HERIDOS,0,CHOQUE,2,2,2023,False,Sin mortalidad
2023-02-05,CALLE 12 CARRERA  38 -  INDEPENDENCIA,INDEPENDENCIA,2,1,HERIDOS,0,CHOQUE,5,2,2023,False,Sin mortalidad
2023-02-04,CALLE 18 CARRERA  19 -  MANCERA,MANCERA,2,1,HERIDOS,0,CHOQUE,4,2,2023,False,Sin mortalidad
2023-02-04,CALLE 15 CARRERA 17  -  CENTRO,CENTRO,1,1,HERIDOS,0,ATROPELLO,4,2,2023,False,Sin mortalidad
2023-02-06,CALLE 14 CARRERA 23 -  COOPERATIVO,COOPERATIVO,2,0,DAÃOS MATERIALES,0,CHOQUE,6,2,2023,False,Sin mortalidad
2023-02-07,CARRERA 14 CALLE  19 -  SAN CRISTOBAL,SAN CRISTOBAL,2,3,HERIDOS,0,CHOQUE,7,2,2023,False,Sin mortalidad
2023-02-06,CALLE 16B CARRERA 31 -  BACHUE,BACHUE,2,2,HERIDOS,0,CHOQUE,6,2,2023,False,Sin mortalidad
2023-02-07,CARRERA 23 CALLE  17 -  MANCERA,MANCERA,2,1,HERIDOS,0,CHOQUE,7,2,2023,False,Sin mortalidad
2023-02-09,CALLE 14 N. 30-59 -  BACHUE,BACHUE,1,1,HERIDOS,0,ATROPELLO,9,2,2023,False,Sin mortalidad
2023-02-12,CALLE 16 N. 17-73 -  SIN INFORMACIÃN DEL BARRIO,No registra,1,2,HERIDOS,0,ATROPELLO,12,2,2023,False,Sin mortalidad
2023-02-11,KILOMETRO 21 VIA ACACIAS /DINAMARCA  CAÃO HONDO,No registra,1,1,HERIDOS,0,CHOQUE,11,2,2023,False,Sin mortalidad
2023-02-12,KILOMETRO 21+400 MTS   VEREDA TRIUNFO   EL TRIUNFO,No registra,1,1,HERIDOS,0,CHOQUE,12,2,2023,False,Sin mortalidad
2023-02-19,KILOMETRO 6+900 MTS VIA ANTIGUA GUAMAL,No registra,2,2,HERIDOS,0,CHOQUE,19,2,2023,False,Sin mortalidad
2023-02-21,CALLE 13 CARRERA 21   SIN INFORMACIÃN DEL BARRIO,No registra,2,1,HERIDOS,0,CHOQUE,21,2,2023,False,Sin mortalidad
2023-02-22,CALLE 18 N 44937   VILLA TERESA,VILLA TERESA,1,1,HERIDOS,0,ATROPELLO,22,2,2023,False,Sin mortalidad
2023-02-18,KILOMETRO 3+100 MTS VIA BAQUEOS CHICHIMENE     LOMA DE TIGRE,No registra,1,1,HERIDOS,0,CHOQUE,18,2,2023,False,Sin mortalidad
2023-02-22,CALLE 14 CARRERA  33   BACHUE,BACHUE,2,1,HERIDOS,0,CHOQUE,22,2,2023,False,Sin mortalidad
2023-02-04,KILOMETRO 53+700 MTS     VÃA GRANADA-VILLAVICENCIO,Afueras de la ciudad,2,1,HERIDOS,0,CHOQUE,4,2,2023,False,Sin mortalidad
2023-02-06,KILOMETRO 56+100 MTS     VÃA GRANADA-VILLAVICENCIO,Afueras de la ciudad,2,1,HERIDOS,0,CHOQUE,6,2,2023,False,Sin mortalidad
2023-02-25,KILOMETRO 56+750 MTS     VÃA GRANADA-VILLAVICENCIO,Afueras de la ciudad,2,2,HERIDOS,0,CHOQUE,25,2,2023,False,Sin mortalidad
2023-03-11,CALLE 15 CARR  28   BACHUE,BACHUE,2,2,HERIDOS,0,CHOQUE,11,3,2023,False,Sin mortalidad
2023-03-11,CALLE 11 N.28A -27     LAS ACACIAS,LAS ACACIAS,1,1,HERIDOS,0,ATROPELLO,11,3,2023,False,Sin mortalidad
2023-03-10,CALLE 15 CARRERA 32   BACHUE,BACHUE,2,1,HERIDOS,0,CHOQUE,10,3,2023,False,Sin mortalidad
2023-03-10,CALLE 18 N 16-02    SAN CRISTOBAL,SAN CRISTOBAL,2,2,HERIDOS,0,CHOQUE,10,3,2023,False,Sin mortalidad
2023-03-05,DIAGONAL 5 N: 17-203    SIN INFORMACIÃN DEL BARRIO,No registra,2,2,HERIDOS,0,CHOQUE,5,3,2023,False,Sin mortalidad
2023-03-14,CALLE 14 CARRERA  21   SIN INFORMACIÃN DEL BARRIO,No registra,2,1,HERIDOS,0,CHOQUE,14,3,2023,False,Sin mortalidad
2023-03-14,CALLE 14 CARRERA 20   SIN INFORMACIÃN DEL BARRIO,No registra,1,1,HERIDOS,0,ATROPELLO,14,3,2023,False,Sin mortalidad
2023-03-20,CALLE 11 CARRERA 24   SIN INFORMACIÃN DEL BARRIO,No registra,2,2,HERIDOS,0,CHOQUE,20,3,2023,False,Sin mortalidad
2023-03-19,CARRERA 36 N. 12A-146   INDEPENDENCIA,INDEPENDENCIA,2,2,HERIDOS,0,CHOQUE,19,3,2023,False,Sin mortalidad
2023-03-17,CALLE 14 CARRERA 33   SIN INFORMACIÃN DEL BARRIO,No registra,2,3,HERIDOS,0,CHOQUE,17,3,2023,False,Sin mortalidad
2023-03-17,AVENIDA 23 N- 28B-05   VILLA DEL LLANO,VILLA DEL LLANO,2,1,HERIDOS,0,CHOQUE,17,3,2023,False,Sin mortalidad
2023-03-22,CALLE 15 CARRERA 22   SIN INFORMACIÃN DEL BARRIO,No registra,2,2,HERIDOS,0,CHOQUE,22,3,2023,False,Sin mortalidad
2023-03-24,CARRERA 21 N 14-36   COOPERATIVO,COOPERATIVO,1,1,HERIDOS,0,ATROPELLO,24,3,2023,False,Sin mortalidad
2023-03-28,CALLE 14 N. 21-94   COOPERATIVO,COOPERATIVO,1,1,HERIDOS,0,ATROPELLO,28,3,2023,False,Sin mortalidad
2023-04-04,AVENIDA 23 CARRERA 29A   SIN INFORMACIÃN DEL BARRIO,No registra,2,2,HERIDOS,0,CHOQUE,4,4,2023,False,Sin mortalidad
2023-04-04,CARRERA 14 CALLE 18   SAN CRISTOBAL,SAN CRISTOBAL,2,1,HERIDOS,0,CHOQUE,4,4,2023,False,Sin mortalidad
2023-04-07,CALLE 13 CARRERA  14   SIN INFORMACIÃN DEL BARRIO,No registra,2,1,HERIDOS,0,CHOQUE,7,4,2023,False,Sin mortalidad
2023-04-11,AVENIDA 23 FRENTE ALA ELECTRIFICADORA    SIN INFORMACIÃN DEL BARRIO,No registra,2,1,HERIDOS,0,CHOQUE,11,4,2023,False,Sin mortalidad
2023-04-12,CARRERA 23 N. 15-38   COOPERATIVO,COOPERATIVO,1,1,HERIDOS,0,ATROPELLO,12,4,2023,False,Sin mortalidad
2023-04-13,CALLE 14 CARRERA  34   BACHUE,BACHUE,2,1,HERIDOS,0,CHOQUE,13,4,2023,False,Sin mortalidad
2023-04-17,DIAGONAL 15 CARRERA 25   SIN INFORMACIÃN DEL BARRIO,No registra,2,2,HERIDOS,0,CHOQUE,17,4,2023,False,Sin mortalidad
2023-04-20,KILOMETRO 4 VIA DINAMARACA     SANTA TERESITA,No registra,2,0,DAÃOS MATERIALES,0,CHOQUE,20,4,2023,False,Sin mortalidad
2023-04-19,CARRERA 23 N 5-95   PABLO EMILIO RIVEROS,PABLO EMILIO RIVEROS,2,1,HERIDOS,0,CHOQUE,19,4,2023,False,Sin mortalidad
2023-04-24,CALLE 12 CARRERA 33   SIN INFORMACIÃN DEL BARRIO,No registra,2,1,HERIDOS,0,CHOQUE,24,4,2023,False,Sin mortalidad
2023-04-24,AVENIDA 23 CARRERA 27A   SIN INFORMACIÃN DEL BARRIO,No registra,2,1,HERIDOS,0,CHOQUE,24,4,2023,False,Sin mortalidad
2023-04-03,KILOMETRO 47+690 MTS     VÃA GRANADA-VILLAVICENCIO,Afueras de la ciudad,2,1,HERIDOS,0,CHOQUE,3,4,2023,False,Sin mortalidad
2023-04-02,KILOMETRO 47+690 MTS     VÃA GRANADA-VILLAVICENCIO EL CENTRO,Afueras de la ciudad,2,2,HERIDOS,0,CHOQUE,2,4,2023,False,Sin mortalidad
2023-04-19,KILOMETRO 56+570 MTS     VÃA GRANADA-VILLAVICENCIO,Afueras de la ciudad,1,0,MUERTOS,1,CHOQUE,19,4,2023,True,Con mortalidad
2023-05-03,AVENIDA 23 FRENTE 29-15    SIN INFORMACIÃN DEL BARRIO,No registra,2,2,HERIDOS,0,CHOQUE,3,5,2023,False,Sin mortalidad
2023-05-07,DIAGONAL 15 N 29A-21    VILLA LUCIA,VILLA LUCIA,1,2,HERIDOS,0,ATROPELLO,7,5,2023,False,Sin mortalidad
2023-05-06,CALLE 11 CARRERA 26   SIN INFORMACIÃN DEL BARRIO,No registra,2,1,HERIDOS,0,CHOQUE,6,5,2023,False,Sin mortalidad
2023-05-07,DIAGONAL 5 N 17-07    PABLO EMILIO RIVEROS,PABLO EMILIO RIVEROS,2,2,HERIDOS,0,ATROPELLO,7,5,2023,False,Sin mortalidad
2023-05-04,CALLE 14 CARRERA  45251   COOPERATIVO,COOPERATIVO,1,2,HERIDOS,0,ATROPELLO,4,5,2023,False,Sin mortalidad
2023-05-11,DIAGONAL 15 CARRERA 43 COLONIA PENAL,No registra,2,2,HERIDOS,0,CHOQUE,11,5,2023,False,Sin mortalidad
2023-05-14,KILOMETRO 23 +039 MTS      EL RESGUARDO,No registra,2,0,DAÃOS MATERIALES,0,CHOQUE,14,5,2023,False,Sin mortalidad
2023-05-12,CALLE 14 N 22-25    COOPERATIVO,COOPERATIVO,2,2,HERIDOS,0,CHOQUE,12,5,2023,False,Sin mortalidad
2023-05-14,CALLE 11 N 28-03    LAS ACACIAS,LAS ACACIAS,2,2,HERIDOS,0,CHOQUE,14,5,2023,False,Sin mortalidad
2023-05-16,CALLE 10A CARRERA 26   SIN INFORMACIÃN DEL BARRIO,No registra,2,2,HERIDOS,0,CHOQUE,16,5,2023,False,Sin mortalidad
2023-05-22,KILOMETRO 23+580 MTS DIAGONAL MANGA DE COLEO    VÃA GRANADA-VILLAVICENCIO,Afueras de la ciudad,2,3,HERIDOS,0,CHOQUE,22,5,2023,False,Sin mortalidad
2023-05-20,CALLE 14 CARRERA 35   BACHUE,BACHUE,2,1,HERIDOS,0,CHOQUE,20,5,2023,False,Sin mortalidad
2023-05-19,CARRERA 23 DIAGONAL  15   SIN INFORMACIÃN DEL BARRIO,No registra,2,3,HERIDOS,0,CHOQUE,19,5,2023,False,Sin mortalidad
2023-05-21,KILOMETRO 57+700 MTS     VÃA GRANADA-VILLAVICENCIO,Afueras de la ciudad,2,0,MUERTOS,2,CHOQUE,21,5,2023,True,Con mortalidad
2023-05-23,KILOMETRO 57+650 MTS     VÃA GRANADA-VILLAVICENCIO,Afueras de la ciudad,2,0,MUERTOS,1,CHOQUE,23,5,2023,True,Con mortalidad
2023-05-29,CARRERA 16 CALLE  17   SAN CRISTOBAL,SAN CRISTOBAL,2,2,HERIDOS,0,CHOQUE,29,5,2023,False,Sin mortalidad
2023-05-27,KILOMETRO 3+200 MTS VIA GRAVICON,No registra,2,0,DAÃOS MATERIALES,0,CHOQUE,27,5,2023,False,Sin mortalidad
2023-05-30,KILOMETRO 47+500 MTS,No registra,2,1,HERIDOS,0,CHOQUE,30,5,2023,False,Sin mortalidad
2023-05-30,CARRERA 23 N 27A-25    SIN INFORMACIÃN DEL BARRIO,No registra,2,1,HERIDOS,0,CHOQUE,30,5,2023,False,Sin mortalidad
2023-06-07,DIAGONAL 15 N. 22-54,No registra,3,3,HERIDOS,0,CHOQUE,7,6,2023,False,Sin mortalidad
2023-06-08,KILOMETRO 26 + 800 MTS VIA VILLAVICENCIO    VÃA ACACÃAS-VILLAVICENCIO,VÃA ACACÃAS-VILLAVICENCIO,2,2,HERIDOS,0,CHOQUE,8,6,2023,False,Sin mortalidad
2023-06-12,CALLE 18 CON 15 INTERSECCION    SIN INFORMACIÃN DEL BARRIO,No registra,2,3,HERIDOS,0,CHOQUE,12,6,2023,False,Sin mortalidad
2023-06-22,CALLE 14 # 20    CENTRO,CENTRO,1,1,HERIDOS,0,ATROPELLO,22,6,2023,False,Sin mortalidad
2023-06-23,CALLE 11 33-12    SAMAN,SAMAN,2,2,HERIDOS,0,CHOQUE,23,6,2023,False,Sin mortalidad
2023-06-24,CALLE 14 CARRERA  15   CENTRO,CENTRO,2,2,HERIDOS,0,CHOQUE,24,6,2023,False,Sin mortalidad
2023-06-28,CARRERA 23 N.18-24    MANCERA,MANCERA,1,0,MUERTOS,1,CHOQUE,28,6,2023,True,Con mortalidad
2023-06-25,KILOMETRO 46+690 MTS     VÃA GRANADA-VILLAVICENCIO,Afueras de la ciudad,2,1,HERIDOS,0,CHOQUE,25,6,2023,False,Sin mortalidad
2023-06-30,CALLE 17 CARRERA 6   POPULAR,POPULAR,2,1,HERIDOS,0,CHOQUE,30,6,2023,False,Sin mortalidad
2023-07-04,AVENIDA 23 N. 27B-30B    SIN INFORMACIÃN DEL BARRIO,No registra,2,1,HERIDOS,0,CHOQUE,4,7,2023,False,Sin mortalidad
2023-07-10,CARRERA 45A CALLE 16   COLINAS,COLINAS,2,1,HERIDOS,0,CHOQUE,10,7,2023,False,Sin mortalidad
2023-07-07,CALLE 10A CARRERA 25   SIN INFORMACIÃN DEL BARRIO,No registra,2,2,HERIDOS,0,CHOQUE,7,7,2023,False,Sin mortalidad
2023-07-12,LOTE N 2 VIA CHICHCIMENE  FRENTE  FINCA SAN ANTONIO    LOMA DE TIGRE,No registra,2,2,HERIDOS,0,CHOQUE,12,7,2023,False,Sin mortalidad
2023-07-14,CALLE 12 CARRERA 24   DORADO,DORADO,2,2,HERIDOS,0,CHOQUE,14,7,2023,False,Sin mortalidad
2023-07-16,KILOMETRO 2 VIA VAQUEROS -CHICHIMENE     SAN ISIDRO DE CHICHIMENE,No registra,2,2,HERIDOS,0,CHOQUE,16,7,2023,False,Sin mortalidad
2023-07-18,CALLE 23 N-19-03   ARAGUANEY,No registra,2,2,HERIDOS,0,CHOQUE,18,7,2023,False,Sin mortalidad
2023-07-21,KILOMETRO 1 FINCA PORVENIR   VEREDA SAN NICOLAS,No registra,2,1,HERIDOS,0,CHOQUE,21,7,2023,False,Sin mortalidad
2023-07-19,CALLE 18 CARRERA 5   POPULAR,POPULAR,2,1,HERIDOS,0,CHOQUE,19,7,2023,False,Sin mortalidad
2023-07-22,CALLE 10A CARRERA 25  B/EVEREST,No registra,3,1,HERIDOS,0,CHOQUE,22,7,2023,False,Sin mortalidad
2023-07-24,CALLE 12 CARRERA 33   SIN INFORMACIÃN DEL BARRIO,No registra,2,1,HERIDOS,0,CHOQUE,24,7,2023,False,Sin mortalidad
2023-07-26,KILOMETRO 4 DSDE COLEGIO JUAN ROZO VIA GRAVICON,No registra,2,0,DAÃOS MATERIALES,0,CHOQUE,26,7,2023,False,Sin mortalidad
2023-07-28,CALLE 11 CRA 27 -36    LAS ACACIAS,LAS ACACIAS,2,1,HERIDOS,0,CHOQUE,28,7,2023,False,Sin mortalidad
2023-08-02,CALLE 23 CARRERA 24   LA TIZA,LA TIZA,2,1,HERIDOS,0,CHOQUE,2,8,2023,False,Sin mortalidad
2023-08-03,CARRERA 17 CALLE  21-49  B/ARAGUANEY,No registra,2,0,HERIDOS,0,CHOQUE,3,8,2023,False,Sin mortalidad
2023-08-06,DIAGONAL 15 N: 32-20    VILLA CASTILLA,VILLA CASTILLA,2,0,DAÃOS MATERIALES,0,CHOQUE,6,8,2023,False,Sin mortalidad
2023-08-04,CARRERA 23 N. 18-63    MANCERA,MANCERA,3,1,HERIDOS,0,CHOQUE,4,8,2023,False,Sin mortalidad
2023-08-12,CALLE 14 CARRERA 35-23   INDEPENDENCIA,INDEPENDENCIA,2,1,HERIDOS,0,CHOQUE,12,8,2023,False,Sin mortalidad
2023-08-16,CALLE 14 CARRERA 21   SIN INFORMACIÃN DEL BARRIO,No registra,2,1,HERIDOS,0,CHOQUE,16,8,2023,False,Sin mortalidad
2023-08-18,KILOMETRO 3+700MTS VIA ACACIAS  VEREDA LA ESMERALDA     ESMERALDA,No registra,2,3,HERIDOS,0,CHOQUE,18,8,2023,False,Sin mortalidad
2023-08-20,KILOMETRO 3+100 MTS      ESMERALDA,No registra,2,1,MUERTOS,1,CHOQUE,20,8,2023,True,Con mortalidad
2023-08-20,KILOMETRO 22+450 MTS VIA DINAMARCA,No registra,2,1,HERIDOS,0,CHOQUE,20,8,2023,False,Sin mortalidad
2023-08-22,CARRERA 31 CALLE 16   BACHUE,BACHUE,2,2,HERIDOS,0,CHOQUE,22,8,2023,False,Sin mortalidad
2023-08-26,CALLE 11 CARRERA 25   DORADO,DORADO,2,1,HERIDOS,0,CHOQUE,26,8,2023,False,Sin mortalidad
2023-09-07,CARRERA 23 # 23-30 EDS MARIA ALEJANDRA    SIN INFORMACIÃN DEL BARRIO,No registra,2,0,MUERTOS,1,CHOQUE,7,9,2023,True,Con mortalidad
2023-09-09,CARRERA 30 CALLE 10A BARRIO PANORAMA II,No registra,2,3,HERIDOS,0,CHOQUE,9,9,2023,False,Sin mortalidad
2023-09-11,AVENIDA 23 CARRERA 30   SIN INFORMACIÃN DEL BARRIO,No registra,2,1,HERIDOS,0,CHOQUE,11,9,2023,False,Sin mortalidad
2023-09-07,CARRERA 29 # 18A-40     SIN INFORMACIÃN DEL BARRIO,No registra,2,1,HERIDOS,0,CHOQUE,7,9,2023,False,Sin mortalidad
2023-09-08,CARRERA 13 #  12.44    JUAN MELLAO,JUAN MELLAO,2,1,HERIDOS,0,CHOQUE,8,9,2023,False,Sin mortalidad
2023-09-16,AVENIDA 23 CARRERA 15   SIN INFORMACIÃN DEL BARRIO,No registra,2,2,HERIDOS,0,CHOQUE,16,9,2023,False,Sin mortalidad
2023-09-16,CALLE 19 N 29A-34    SIN INFORMACIÃN DEL BARRIO,No registra,2,5,HERIDOS,0,CHOQUE,16,9,2023,False,Sin mortalidad
2023-09-18,CARRERA 23 FRENTE ALA BIBLIOTECA MUNICIPAL    SIN INFORMACIÃN DEL BARRIO,No registra,1,1,HERIDOS,0,ATROPELLO,18,9,2023,False,Sin mortalidad
2023-09-27,KILOMETRO 1+100 MTS DESDE JUAN ROZO VIA DINAMARCA     SANTA TERESITA,No registra,2,2,HERIDOS,0,CHOQUE,27,9,2023,False,Sin mortalidad
2023-09-28,CALLE 18 CARRERA 18   SIN INFORMACIÃN DEL BARRIO,No registra,2,1,HERIDOS,0,CHOQUE,28,9,2023,False,Sin mortalidad
2023-10-01,KILOMETRO 1 VIA ANTIGUA GUAMAL    RANCHO GRANDE,No registra,1,0,MUERTOS,1,CHOQUE,1,10,2023,True,Con mortalidad
2023-10-02,CALLE 16 CARRERA 27   EL BOSQUE,EL BOSQUE,2,3,HERIDOS,0,CHOQUE,2,10,2023,False,Sin mortalidad
2023-10-05,KILOMETRO 8 VIA VAQUEROS CLUB  CHICHIMENE     SAN ISIDRO DE CHICHIMENE,No registra,2,0,MUERTOS,1,CHOQUE,5,10,2023,True,Con mortalidad
2023-10-04,KILOMETRO 45+340 MTS      LA CECILITA,No registra,2,1,HERIDOS,0,CHOQUE,4,10,2023,False,Sin mortalidad
2023-10-05,CALLE 11 N 27 -19   LAS ACACIAS,LAS ACACIAS,2,2,HERIDOS,0,CHOQUE,5,10,2023,False,Sin mortalidad
2023-10-07,KILOMETRO 14 VIA  Dinamrca     MONTELIBANO BAJO,No registra,2,0,MUERTOS,1,CHOQUE,7,10,2023,True,Con mortalidad
2023-10-11,CALLE 11 CARRERA 38   INDEPENDENCIA,INDEPENDENCIA,2,2,HERIDOS,0,CHOQUE,11,10,2023,False,Sin mortalidad
2023-10-13,KILOMETRO 46+970 MTS VIA VILLAVICENCIO GRANADA  SECTOR CODE SOLA,No registra,2,0,MUERTOS,2,CHOQUE,13,10,2023,True,Con mortalidad
2023-10-14,CALLE 41 ENTRE LA DIAGONAL 15 Y AVENIDA 23  FRENTE ALA  NORMAL SUPERIOR,No registra,1,1,HERIDOS,0,ATROPELLO,14,10,2023,False,Sin mortalidad
2023-10-15,CALLE 14 CARRERA 34   BACHUE,BACHUE,2,1,HERIDOS,0,CHOQUE,15,10,2023,False,Sin mortalidad
2023-10-16,CARRERA 23 N . 27-33 VILLA CLAUDIA BARRIO,No registra,1,3,HERIDOS,0,ATROPELLO,16,10,2023,False,Sin mortalidad
2023-10-19,AVENIDA 23 N 33-25   SIN INFORMACIÃN DEL BARRIO,No registra,2,2,HERIDOS,0,CHOQUE,19,10,2023,False,Sin mortalidad
2023-10-21,CALLE 15 CARRERA 17   CENTRO,CENTRO,2,1,HERIDOS,0,CHOQUE,21,10,2023,False,Sin mortalidad
2023-10-22,AVENIDA 23 CALLE  11   SIN INFORMACIÃN DEL BARRIO,No registra,2,1,HERIDOS,0,CHOQUE,22,10,2023,False,Sin mortalidad
2023-10-23,DIAGONAL 15 CARRRA  26A   SIN INFORMACIÃN DEL BARRIO,No registra,1,2,HERIDOS,0,OTRO,23,10,2023,False,Sin mortalidad
2023-10-23,KILOMETRO 24+450 MTS     VÃA ACACÃAS-DINAMARCA,VÃA ACACÃAS-DINAMARCA,2,3,HERIDOS,0,CHOQUE,23,10,2023,False,Sin mortalidad
2023-10-29,CALLE 19 CARRERA 16   SAN CRISTOBAL,SAN CRISTOBAL,1,1,HERIDOS,0,ATROPELLO,29,10,2023,False,Sin mortalidad
2023-10-29,KILOMETRO 1 VIA CRUCE VAQUEROS CHICHIMENE    LOMA DE TIGRE,No registra,2,1,HERIDOS,0,CHOQUE,29,10,2023,False,Sin mortalidad
2023-10-31,CALLE 14 N 26 -29  BARRIO SAN JOSE,No registra,2,2,HERIDOS,0,CHOQUE,31,10,2023,False,Sin mortalidad
2023-10-31,CALLE 14 CARRERA 23   COOPERATIVO,COOPERATIVO,1,1,MUERTOS,1,ATROPELLO,31,10,2023,True,Con mortalidad
2023-11-01,CALLE 18 CARRERA 19   MANCERA,MANCERA,2,1,HERIDOS,0,CHOQUE,1,11,2023,False,Sin mortalidad
2023-11-02,KILOMETRO 3 VIA ACACIAS  DINAMARCA,No registra,2,2,HERIDOS,0,CHOQUE,2,11,2023,False,Sin mortalidad
2023-11-04,CARRERA 33 CALLE 16C   BACHUE,BACHUE,2,2,HERIDOS,0,CHOQUE,4,11,2023,False,Sin mortalidad
2023-11-03,CALLE 10A CARRERA 28   SIN INFORMACIÃN DEL BARRIO,No registra,2,1,HERIDOS,0,CHOQUE,3,11,2023,False,Sin mortalidad
2023-11-06,CARRERA 17 N 16-32    SIN INFORMACIÃN DEL BARRIO,No registra,2,2,HERIDOS,0,CHOQUE,6,11,2023,False,Sin mortalidad
2023-11-18,AVENIDA 23 N 27B-30    SIN INFORMACIÃN DEL BARRIO,No registra,2,1,HERIDOS,0,CHOQUE,18,11,2023,False,Sin mortalidad
2023-11-16,KILOMETRO 52+260 MTS     VÃA GRANADA-VILLAVICENCIO,Afueras de la ciudad,2,5,HERIDOS,0,CHOQUE,16,11,2023,False,Sin mortalidad
2023-11-18,CALLE 14 N. 18-56    CENTRO,CENTRO,2,1,HERIDOS,0,CHOQUE,18,11,2023,False,Sin mortalidad
2023-11-27,CALLE 14 CARRERA 33   SIN INFORMACIÃN DEL BARRIO,No registra,2,0,MUERTOS,1,CHOQUE,27,11,2023,True,Con mortalidad
2023-11-27,CALLE 19 CARRERA 18   MANCERA,MANCERA,2,1,HERIDOS,0,CHOQUE,27,11,2023,False,Sin mortalidad
2023-11-28,AVENIDA 23 CALLE 19   ATAHUALPA,ATAHUALPA,2,1,HERIDOS,0,CHOQUE,28,11,2023,False,Sin mortalidad
2023-11-29,KILOMETRO 18+850 MTS VIA ACACIAS -SAN CARLOS DE GUAROA     SANTA ROSA,No registra,2,1,HERIDOS,0,CHOQUE,29,11,2023,False,Sin mortalidad
2023-12-02,CARRERA 23 N 14-30    COOPERATIVO,COOPERATIVO,2,2,HERIDOS,0,CHOQUE,2,12,2023,False,Sin mortalidad
2023-12-03,CALLE 17 N .8 -57   B/PALERMO,No registra,2,2,HERIDOS,0,CHOQUE,3,12,2023,False,Sin mortalidad
2023-12-01,CALLE 12 CARRERA 28   SAMAN,SAMAN,2,2,HERIDOS,0,CHOQUE,1,12,2023,False,Sin mortalidad
2023-12-01,CALLE 12 N 32 -54    NUTIVARA,NUTIVARA,1,1,HERIDOS,0,ATROPELLO,1,12,2023,False,Sin mortalidad
2023-12-02,CARRERA 18 CALLE  7   BALCONES DE SANTA ISABEL,BALCONES DE SANTA ISABEL,1,2,HERIDOS,0,ATROPELLO,2,12,2023,False,Sin mortalidad
2023-12-06,CALLE 15 CARRERA  29   SIN INFORMACIÃN DEL BARRIO,No registra,2,3,HERIDOS,0,CHOQUE,6,12,2023,False,Sin mortalidad
2023-12-08,CALLE 14 CARRERA 12   JUAN MELLAO,JUAN MELLAO,2,2,HERIDOS,0,CHOQUE,8,12,2023,False,Sin mortalidad
2023-12-08,CARRERA 14 CALLE  17   SAN CRISTOBAL,SAN CRISTOBAL,2,2,HERIDOS,0,CHOQUE,8,12,2023,False,Sin mortalidad
2023-12-19,CARRERA 23 CALLE  21A   LA TIZA,LA TIZA,2,2,HERIDOS,0,CHOQUE,19,12,2023,False,Sin mortalidad
2023-12-22,CARRERA 23 N .9 -15    PABLO EMILIO RIVEROS,PABLO EMILIO RIVEROS,1,0,MUERTOS,1,CHOQUE,22,12,2023,True,Con mortalidad
2023-12-18,AVENIDA 23 N.27-06    DON BOSCO,DON BOSCO,3,2,HERIDOS,0,CHOQUE,18,12,2023,False,Sin mortalidad
2023-12-22,CARRERA 24 CALLE  45179 EVEREST,No registra,1,1,HERIDOS,0,ATROPELLO,22,12,2023,False,Sin mortalidad
2023-12-25,CALLE 13 CARRERA  20   COOPERATIVO,COOPERATIVO,2,1,HERIDOS,0,CHOQUE,25,12,2023,False,Sin mortalidad
2023-12-24,AVENIDA 23 CARRERA 27A  VIILA  CLAUDIA,No registra,1,1,HERIDOS,0,CHOQUE,24,12,2023,False,Sin mortalidad
2023-12-24,CARRERA 14 N. 9-103   LA UNION,LA UNION,1,1,HERIDOS,0,OTRO,24,12,2023,False,Sin mortalidad
2023-12-30,AVENIDA 23 N. 27B-30 SAIN THOMAS,No registra,2,1,HERIDOS,0,CHOQUE,30,12,2023,False,Sin mortalidad
2023-12-30,CALLE 18 CARRERA 18   MANCERA,MANCERA,2,3,HERIDOS,0,CHOQUE,30,12,2023,False,Sin mortalidad
2022-01-01,CALLE 9 CARRERA  22   PABLO EMILIO RIVEROS,PABLO EMILIO RIVEROS,2,0,DAÃOS MATERIALES,0,CHOQUE,1,1,2022,False,Sin mortalidad
2022-01-02,CARRERA 23 CALLE  17   COOPERATIVO,COOPERATIVO,2,2,HERIDOS,0,CHOQUE,2,1,2022,False,Sin mortalidad
2022-01-03,KILOMETRO 1+700 MTS RURAL     LOMA DE TIGRE,No registra,2,1,HERIDOS,0,CHOQUE,3,1,2022,False,Sin mortalidad
2022-01-05,AVENIDA 23 CARRERA  27   LOS OLIVOS,LOS OLIVOS,2,1,HERIDOS,0,CHOQUE,5,1,2022,False,Sin mortalidad
2022-01-07,CARRERA 23 # 14 53   COOPERATIVO,COOPERATIVO,4,0,DAÃOS MATERIALES,0,CHOQUE,7,1,2022,False,Sin mortalidad
2022-01-16,CARRERA 23 #14 27   SAN JOSÃ,SAN JOSÃ,2,0,DAÃOS MATERIALES,0,CHOQUE,16,1,2022,False,Sin mortalidad
2022-01-10,KILOMETRO 1+700 MTS     VÃA ACACÃAS-GUAMAL,VÃA ACACÃAS-GUAMAL,2,0,HERIDOS,0,CHOQUE,10,1,2022,False,Sin mortalidad
2022-01-14,CARRERA 49 CALLE 20   BRISAS DE LA COLINA,BRISAS DE LA COLINA,2,0,HERIDOS,0,CHOQUE,14,1,2022,False,Sin mortalidad
2022-01-17,KILOMETRO 15+9 MTS     VÃA ACACÃAS-DINAMARCA,VÃA ACACÃAS-DINAMARCA,2,0,DAÃOS MATERIALES,0,CHOQUE,17,1,2022,False,Sin mortalidad
2022-01-19,CARRERA 14 CALLE 26   GUARATARA II,GUARATARA II,2,0,DAÃOS MATERIALES,0,CHOQUE,19,1,2022,False,Sin mortalidad
2022-01-27,KILOMETRO 27+100 MTS     VÃA ACACÃAS-VILLAVICENCIO,VÃA ACACÃAS-VILLAVICENCIO,2,0,DAÃOS MATERIALES,0,CHOQUE,27,1,2022,False,Sin mortalidad
2022-01-28,CARRERA 31 CALLE 16C   BACHUE,BACHUE,2,0,DAÃOS MATERIALES,0,CHOQUE,28,1,2022,False,Sin mortalidad
2022-01-31,CALLE 14 CARRERA  31   BACHUE,BACHUE,2,0,DAÃOS MATERIALES,0,CHOQUE,31,1,2022,False,Sin mortalidad
2022-01-27,CARRERA 23 # 9 74,No registra,2,1,HERIDOS,0,CHOQUE,27,1,2022,False,Sin mortalidad
2022-01-08,KILOMETRO 44+800 MTS     VÃA GRANADA-VILLAVICENCIO,Afueras de la ciudad,3,0,DAÃOS MATERIALES,0,CHOQUE,8,1,2022,False,Sin mortalidad
2022-01-25,KILOMETRO 46+500 MTS     VÃA GRANADA-VILLAVICENCIO,Afueras de la ciudad,2,1,HERIDOS,0,CHOQUE,25,1,2022,False,Sin mortalidad
2022-02-03,CARRERA 45 FRENTE 14 - 46,No registra,2,0,DAÃOS MATERIALES,0,CHOQUE,3,2,2022,False,Sin mortalidad
2022-02-04,MANZANA C CASA 21   NUEVA JERUSALEN,NUEVA JERUSALEN,2,0,DAÃOS MATERIALES,0,CHOQUE,4,2,2022,False,Sin mortalidad
2022-02-05,CARRERA 14 CALLE 17   SAN CRISTOBAL,SAN CRISTOBAL,2,2,HERIDOS,0,CHOQUE,5,2,2022,False,Sin mortalidad
2022-02-07,CARRERA 18 CON  8 INTERSECCIÃN,No registra,2,0,DAÃOS MATERIALES,0,CHOQUE,7,2,2022,False,Sin mortalidad
2022-02-08,KILOMETRO 7+700   VÃA DINAMARCA,No registra,2,0,DAÃOS MATERIALES,0,CHOQUE,8,2,2022,False,Sin mortalidad
2022-02-11,CARRERA 23 # 9 - 15,No registra,2,0,DAÃOS MATERIALES,0,CHOQUE,11,2,2022,False,Sin mortalidad
2022-02-12,KILOMETRO 0+500      SANTA TERESITA,No registra,2,0,MUERTOS,3,CHOQUE,12,2,2022,True,Con mortalidad
2022-02-13,CALLE 15 CARRERA 21,No registra,2,1,HERIDOS,0,CHOQUE,13,2,2022,False,Sin mortalidad
2022-02-15,KILOMETRO 0+400     VÃA ANTIGUA GUAMAL,VÃA ANTIGUA GUAMAL,1,1,MUERTOS,1,CHOQUE,15,2,2022,True,Con mortalidad
2022-02-12,CARRERA 31 # 14 - 46,No registra,2,2,HERIDOS,0,ATROPELLO,12,2,2022,False,Sin mortalidad
2022-02-17,CALLE 18 # 17 - 20 MANCERA,MANCERA,1,1,HERIDOS,0,CHOQUE,17,2,2022,False,Sin mortalidad
2022-02-18,KILOMETRO 22+880     VÃA GRANADA-VILLAVICENCIO,Afueras de la ciudad,3,0,DAÃOS MATERIALES,0,CHOQUE,18,2,2022,False,Sin mortalidad
2022-02-18,CARRERA 23 CALLE 17   MANCERA,MANCERA,2,1,HERIDOS,0,CHOQUE,18,2,2022,False,Sin mortalidad
2022-02-20,CARRERA 17 # 21 - 49,No registra,1,0,DAÃOS MATERIALES,0,CHOQUE,20,2,2022,False,Sin mortalidad
2022-02-19,KILOMETRO 20+200      PUERTO CANECAS,No registra,1,0,DAÃOS MATERIALES,0,CHOQUE,19,2,2022,False,Sin mortalidad
2022-02-19,CARRERA 14 # 19 - 13 SAN CRISTOBAL,SAN CRISTOBAL,2,1,HERIDOS,0,CHOQUE,19,2,2022,False,Sin mortalidad
2022-02-21,CALLE 11 CARRERA 26,No registra,2,2,HERIDOS,0,CHOQUE,21,2,2022,False,Sin mortalidad
2022-02-21,CALLE 16 # 47 - 3 COLINAS,COLINAS,2,4,HERIDOS,0,CHOQUE,21,2,2022,False,Sin mortalidad
2022-02-22,CALLE 25 # 20 - 3 GUARATARA,GUARATARA,1,3,HERIDOS,0,ATROPELLO,22,2,2022,False,Sin mortalidad
2022-02-22,CARRERA 14 # 18 - 29 SAN CRISTOBAL,SAN CRISTOBAL,2,2,HERIDOS,0,CHOQUE,22,2,2022,False,Sin mortalidad
2022-02-26,CARRERA 30 # 22A - 20 LA ORQUIDEA REAL,LA ORQUIDEA REAL,2,2,HERIDOS,0,CHOQUE,26,2,2022,False,Sin mortalidad
2022-02-23,CARRERA 45B # 16,No registra,2,1,HERIDOS,0,CHOQUE,23,2,2022,False,Sin mortalidad
2022-02-27,DIAGONAL 15 # 32 - 20 VILLA CASTILLA,VILLA CASTILLA,2,1,HERIDOS,0,CHOQUE,27,2,2022,False,Sin mortalidad
2022-02-27,AVENIDA 23 # 27 - 33,No registra,2,1,HERIDOS,0,CHOQUE,27,2,2022,False,Sin mortalidad
2022-02-04,KILOMETRO 53+500     VÃA GRANADA-VILLAVICENCIO,Afueras de la ciudad,2,1,HERIDOS,0,CHOQUE,4,2,2022,False,Sin mortalidad
2022-02-27,CALLE 14 # 17 58   CENTRO,CENTRO,2,0,DAÃOS MATERIALES,0,CHOQUE,27,2,2022,False,Sin mortalidad
2022-03-02,CARRERA 25 CALLE  23,No registra,3,1,HERIDOS,0,CHOQUE,2,3,2022,False,Sin mortalidad
2022-03-08,KILOMETRO 1+700 MTS     BAQUEROS CLUB-CHICHIMENE LOMA DE TIGRE,BAQUEROS CLUB-CHICHIMENE,1,0,DAÃOS MATERIALES,0,OTRO,8,3,2022,False,Sin mortalidad
2022-03-07,KILOMETRO 9+200 MTS     BAQUEROS CLUB-CHICHIMENE,BAQUEROS CLUB-CHICHIMENE,1,0,MUERTOS,1,CHOQUE,7,3,2022,True,Con mortalidad
2022-03-08,CALLE 13 CARRERA  16   CENTRO,CENTRO,2,1,HERIDOS,0,CHOQUE,8,3,2022,False,Sin mortalidad
2022-03-16,AVENIDA 23 FRENTE ALA MANGA DE COLEO,No registra,2,1,HERIDOS,0,CHOQUE,16,3,2022,False,Sin mortalidad
2022-03-16,AVENIDA 25 # 25 39   SIN INFORMACIÃN DEL BARRIO,No registra,2,1,HERIDOS,0,CHOQUE,16,3,2022,False,Sin mortalidad
2022-03-14,KILOMETRO 23 MTS SECTOR CAÃO HONDO    VÃA ACACÃAS-DINAMARCA,VÃA ACACÃAS-DINAMARCA,2,1,HERIDOS,0,CHOQUE,14,3,2022,False,Sin mortalidad
2022-03-13,AVENIDA 23 CALLE 9   COOPERATIVO,COOPERATIVO,2,1,HERIDOS,0,CHOQUE,13,3,2022,False,Sin mortalidad
2022-03-18,CARRERA 23 # 13 31   SAN JOSÃ,SAN JOSÃ,4,0,DAÃOS MATERIALES,0,CHOQUE,18,3,2022,False,Sin mortalidad
2022-03-24,CALLE 15 CARRERA  13   JUAN MELLAO,JUAN MELLAO,1,0,DAÃOS MATERIALES,0,OTRO,24,3,2022,False,Sin mortalidad
2022-03-22,CARRERA 14 # 4 99   MALECÃN TURISTICO,MALECÃN TURISTICO,2,1,HERIDOS,0,CHOQUE,22,3,2022,False,Sin mortalidad
2022-03-26,CARRERA 23 # 14 7   SIN INFORMACIÃN DEL BARRIO,No registra,2,0,DAÃOS MATERIALES,0,CHOQUE,26,3,2022,False,Sin mortalidad
2022-03-28,CALLE 18 CARRERA  6   POPULAR,POPULAR,2,0,DAÃOS MATERIALES,0,CHOQUE,28,3,2022,False,Sin mortalidad
2022-03-25,CARRERA 23 # 17 13  MANCERA,MANCERA,2,2,HERIDOS,0,CHOQUE,25,3,2022,False,Sin mortalidad
2022-03-30,KILOMETRO 26+300 MTS     VÃA GRANADA-VILLAVICENCIO,Afueras de la ciudad,2,0,DAÃOS MATERIALES,0,CHOQUE,30,3,2022,False,Sin mortalidad
2022-03-30,CARRERA 31 CALLE 16C    BACHUE,BACHUE,2,3,HERIDOS,0,CHOQUE,30,3,2022,False,Sin mortalidad
2022-03-10,KILOMETRO 48+350 MTS     VÃA GRANADA-VILLAVICENCIO,Afueras de la ciudad,1,2,HERIDOS,0,ATROPELLO,10,3,2022,False,Sin mortalidad
2022-03-30,KILOMETRO 47+100 MTS     VÃA GRANADA-VILLAVICENCIO,Afueras de la ciudad,2,0,DAÃOS MATERIALES,0,CHOQUE,30,3,2022,False,Sin mortalidad
2022-04-02,AVENIDA 23 # 27 4   DON BOSCO,DON BOSCO,2,1,HERIDOS,0,CHOQUE,2,4,2022,False,Sin mortalidad
2022-04-03,CARRERA 23 CALLE 19   SIN INFORMACIÃN DEL BARRIO,No registra,2,0,DAÃOS MATERIALES,0,CHOQUE,3,4,2022,False,Sin mortalidad
2022-04-03,KILOMETRO 2 ACACIAS /VEREDA CENTRO     EL CENTRO,No registra,1,0,MUERTOS,1,CHOQUE,3,4,2022,True,Con mortalidad
2022-04-07,KILOMETRO 1+200 MTS VIA RESGUARDO     EL RESGUARDO,No registra,1,0,DAÃOS MATERIALES,0,CHOQUE,7,4,2022,False,Sin mortalidad
2022-04-09,CARRERA 23 FRENTE AL COMPLEJO GANADERO,No registra,2,3,HERIDOS,0,CHOQUE,9,4,2022,False,Sin mortalidad
2022-04-13,DIAGONAL 15 CARRERA  27A 33  SAN JOSÃ,SAN JOSÃ,2,0,DAÃOS MATERIALES,0,CHOQUE,13,4,2022,False,Sin mortalidad
2022-04-14,CALLE 11 #32 67   SIN INFORMACIÃN DEL BARRIO,No registra,2,0,DAÃOS MATERIALES,0,CHOQUE,14,4,2022,False,Sin mortalidad
2022-04-15,CARRERA 18 # 6 18  SIN INFORMACIÃN DEL BARRIO,No registra,2,0,DAÃOS MATERIALES,0,CHOQUE,15,4,2022,False,Sin mortalidad
2022-04-09,CALLE 13 CARRERA  18   CENTRO,CENTRO,1,0,DAÃOS MATERIALES,0,VOLCAMIENTO,9,4,2022,False,Sin mortalidad
2022-04-09,CARRERA 23 CALLE  17 DIAGONAL 15  SIN INFORMACIÃN DEL BARRIO,No registra,2,0,DAÃOS MATERIALES,0,CHOQUE,9,4,2022,False,Sin mortalidad
2022-04-10,CALLE 15 CARRERA  18   CENTRO,CENTRO,1,2,HERIDOS,0,ATROPELLO,10,4,2022,False,Sin mortalidad
2022-04-10,CALLE 13 CARRERA  16   CENTRO,CENTRO,2,0,DAÃOS MATERIALES,0,CHOQUE,10,4,2022,False,Sin mortalidad
2022-04-12,CARRERA 33 CALLE  16D   BACHUE,BACHUE,1,1,HERIDOS,0,ATROPELLO,12,4,2022,False,Sin mortalidad
2022-04-17,CARRERA 22 CALLE  15   COOPERATIVO,COOPERATIVO,1,1,HERIDOS,0,ATROPELLO,17,4,2022,False,Sin mortalidad
2022-04-16,AVENIDA 23 CALLE  27   SIN INFORMACIÃN DEL BARRIO,No registra,2,2,HERIDOS,0,CHOQUE,16,4,2022,False,Sin mortalidad
2022-04-20,CALLE 13 CARRERA  26   SAN JOSÃ,SAN JOSÃ,2,1,HERIDOS,0,CHOQUE,20,4,2022,False,Sin mortalidad
2022-04-27,CALLE 15 # 16 7  CENTRO,CENTRO,2,0,DAÃOS MATERIALES,0,CHOQUE,27,4,2022,False,Sin mortalidad
2022-04-25,CARRERA 23 CALLE  15   SAN JOSÃ,SAN JOSÃ,2,2,HERIDOS,0,CHOQUE,25,4,2022,False,Sin mortalidad
2022-04-30,CALLE 14 # 29 34  BACHUE,BACHUE,1,1,HERIDOS,0,OTRO,30,4,2022,False,Sin mortalidad
2022-04-05,KILOMETRO 46+200 MTS     VÃA GRANADA-VILLAVICENCIO,Afueras de la ciudad,3,1,HERIDOS,0,CHOQUE,5,4,2022,False,Sin mortalidad
2022-04-16,KILOMETRO 46+300 MTS     VÃA GRANADA-VILLAVICENCIO,Afueras de la ciudad,4,0,DAÃOS MATERIALES,0,CHOQUE,16,4,2022,False,Sin mortalidad
2022-04-29,KILOMETRO 46+400 MTS     VÃA GRANADA-VILLAVICENCIO,Afueras de la ciudad,2,2,HERIDOS,0,CHOQUE,29,4,2022,False,Sin mortalidad
2022-05-02,CARRERA 18 # 8A - 21 SANTA ISABEL,SANTA ISABEL,2,0,DAÃOS MATERIALES,0,CHOQUE,2,5,2022,False,Sin mortalidad
2022-05-01,CALLE 12 # 34A - 26 SAMAN,SAMAN,1,1,HERIDOS,0,ATROPELLO,1,5,2022,False,Sin mortalidad
2022-05-05,CALLE 18 INTERSECCIÃN 20,No registra,2,1,HERIDOS,0,ATROPELLO,5,5,2022,False,Sin mortalidad
2022-05-07,DIAGONAL 5  17 - 7 PABLO EMILIO RIVEROS,PABLO EMILIO RIVEROS,1,0,DAÃOS MATERIALES,0,CHOQUE,7,5,2022,False,Sin mortalidad
2022-05-08,CALLE 16 INTERSECCIÃN 33   BACHUE,BACHUE,2,4,HERIDOS,0,CHOQUE,8,5,2022,False,Sin mortalidad
2022-05-13,CARRERA 23 # 11 - 9 DORADO BAJO,DORADO BAJO,2,0,DAÃOS MATERIALES,0,CHOQUE,13,5,2022,False,Sin mortalidad
2022-05-14,CALLE 11 # 17 - 57,No registra,2,2,HERIDOS,0,CHOQUE,14,5,2022,False,Sin mortalidad
2022-05-16,KILOMETRO 8+400 COLEGIO JUAN ROZO     EL RESGUARDO,No registra,2,0,HERIDOS,0,CHOQUE,16,5,2022,False,Sin mortalidad
2022-05-21,CALLE 19 # 25 - 72 SAN JOSÃ,SAN JOSÃ,2,0,DAÃOS MATERIALES,0,CHOQUE,21,5,2022,False,Sin mortalidad
2022-05-23,CARRERA 33 INTERSECCIÃN 16C,No registra,2,2,HERIDOS,0,CHOQUE,23,5,2022,False,Sin mortalidad
2022-05-25,CALLE 17 CARRERA 19   MANCERA,MANCERA,2,1,HERIDOS,0,CHOQUE,25,5,2022,False,Sin mortalidad
2022-05-26,CARRERA 23 CALLE 5 - 129 PABLO EMILIO RIVEROS,PABLO EMILIO RIVEROS,2,1,HERIDOS,0,CHOQUE,26,5,2022,False,Sin mortalidad
2022-05-28,CALLE 18 CARRERA 19,No registra,2,1,HERIDOS,0,CHOQUE,28,5,2022,False,Sin mortalidad
2022-05-31,CARRERA 23 CALLE 11   SAN JOSÃ,SAN JOSÃ,2,1,HERIDOS,0,CHOQUE,31,5,2022,False,Sin mortalidad
2022-05-30,DIAGONAL 15 # 27A - 45 SAN JOSÃ,SAN JOSÃ,2,2,HERIDOS,0,CHOQUE,30,5,2022,False,Sin mortalidad
2022-05-29,AVENIDA 23 INTERSECCIÃN 25   LA TIZA,LA TIZA,2,0,HERIDOS,0,CHOQUE,29,5,2022,False,Sin mortalidad
2022-05-13,KILOMETRO 55+200     VÃA GRANADA-VILLAVICENCIO,Afueras de la ciudad,3,1,HERIDOS,0,CHOQUE,13,5,2022,False,Sin mortalidad
2022-06-01,CALLE 13 # 23 2  SIN INFORMACIÃN DEL BARRIO,No registra,2,0,DAÃOS MATERIALES,0,CHOQUE,1,6,2022,False,Sin mortalidad
2022-06-04,CARRERA 23 DIAGONAL  15   SAN JOSÃ,SAN JOSÃ,2,1,HERIDOS,0,CHOQUE,4,6,2022,False,Sin mortalidad
2022-06-06,KILOMETRO 19+200 MTS VIA ACACIAS SANTA ROSA     SANTA ROSA,No registra,2,3,HERIDOS,0,CHOQUE,6,6,2022,False,Sin mortalidad
2022-06-08,CARRERA 23 CALLE  18   SIN INFORMACIÃN DEL BARRIO,No registra,2,1,HERIDOS,0,CHOQUE,8,6,2022,False,Sin mortalidad
2022-06-22,CARRERA 47 CALLE  17   COLINAS,COLINAS,2,0,DAÃOS MATERIALES,0,CHOQUE,22,6,2022,False,Sin mortalidad
2022-06-19,CARRERA 29 CALLE  12   SIN INFORMACIÃN DEL BARRIO,No registra,2,2,HERIDOS,0,CHOQUE,19,6,2022,False,Sin mortalidad
2022-06-22,CALLE 12 CARRERA 33 SAMAN  SAMAN,SAMAN,1,1,HERIDOS,0,ATROPELLO,22,6,2022,False,Sin mortalidad
2022-06-22,CARRERA 30 # 17 5 ASOCIACION DE AMIGOS ASOCIACIÃN DE AMIGOS,ASOCIACIÃN DE AMIGOS,1,1,HERIDOS,0,ATROPELLO,22,6,2022,False,Sin mortalidad
2022-06-24,CALLE 14 CARRERA  24   SAN JOSÃ,SAN JOSÃ,2,0,DAÃOS MATERIALES,0,CHOQUE,24,6,2022,False,Sin mortalidad
2022-06-26,CARRERA 23 CALLE  5 102  SIN INFORMACIÃN DEL BARRIO,No registra,2,1,HERIDOS,0,CHOQUE,26,6,2022,False,Sin mortalidad
2022-06-25,CALLE 16 CARRERA  25   SIN INFORMACIÃN DEL BARRIO,No registra,2,0,DAÃOS MATERIALES,0,CHOQUE,25,6,2022,False,Sin mortalidad
2022-06-25,MALECON TURISTICO    MALECÃN TURISTICO,MALECÃN TURISTICO,2,0,DAÃOS MATERIALES,0,CHOQUE,25,6,2022,False,Sin mortalidad
2022-06-16,CALLE 13 CARRERA  20   COOPERATIVO,COOPERATIVO,2,0,DAÃOS MATERIALES,0,CHOQUE,16,6,2022,False,Sin mortalidad
2022-06-07,KILOMETRO 47+300 MTS     VÃA GRANADA-VILLAVICENCIO,Afueras de la ciudad,3,0,DAÃOS MATERIALES,0,CHOQUE,7,6,2022,False,Sin mortalidad
2022-06-16,KILOMETRO 48+000MTS   VEREDA EL CENTRO  VÃA GRANADA-VILLAVICENCIO,Afueras de la ciudad,3,5,HERIDOS,0,ATROPELLO,16,6,2022,False,Sin mortalidad
2022-06-28,VÃA GRANADA-VILLAVICENCIO,Afueras de la ciudad,2,0,DAÃOS MATERIALES,0,CHOQUE,28,6,2022,False,Sin mortalidad
2022-07-03,KILOMETRO 10 VÃA DINAMARCA  VEREDA   MONTELIBANO,No registra,2,2,HERIDOS,0,CHOQUE,3,7,2022,False,Sin mortalidad
2022-07-03,CALLE 16 CARRERA 34   BACHUE,BACHUE,2,1,HERIDOS,0,CHOQUE,3,7,2022,False,Sin mortalidad
2022-07-05,CALLE 13 CARRERA 14   JUAN MELLAO,JUAN MELLAO,2,2,HERIDOS,0,CHOQUE,5,7,2022,False,Sin mortalidad
2022-07-08,DIAGONAL 15  26 - 142 DON BOSCO,DON BOSCO,1,2,MUERTOS,1,CHOQUE,8,7,2022,True,Con mortalidad
2022-07-08,CALLE 12 CARRERA 35   NUTIVARA,NUTIVARA,2,0,DAÃOS MATERIALES,0,CHOQUE,8,7,2022,False,Sin mortalidad
2022-07-09,KILOMETRO 3+400 VÃA  VEREDA   EL CENTRO,No registra,2,2,MUERTOS,2,CHOQUE,9,7,2022,True,Con mortalidad
2022-07-06,CARRERA 19 CALLE 17   MANCERA,MANCERA,2,2,HERIDOS,0,CHOQUE,6,7,2022,False,Sin mortalidad
2022-07-10,CALLE 14 CARRERA 32   BACHUE,BACHUE,2,1,HERIDOS,0,CHOQUE,10,7,2022,False,Sin mortalidad
2022-07-12,DIAGONAL 15  26 - 46 PABLO VI,PABLO VI,1,1,HERIDOS,0,ATROPELLO,12,7,2022,False,Sin mortalidad
2022-07-13,CALLE 10 A  CARRERA 25 DORADO,DORADO,2,1,HERIDOS,0,CHOQUE,13,7,2022,False,Sin mortalidad
2022-07-17,AVENIDA 23   CALLE 14 SAN JOSÃ,SAN JOSÃ,2,0,DAÃOS MATERIALES,0,CHOQUE,17,7,2022,False,Sin mortalidad
2022-07-17,KILOMETRO 9+200 VÃA CHICHIMENE,No registra,2,1,MUERTOS,1,CHOQUE,17,7,2022,True,Con mortalidad
2022-07-16,KILOMETRO 26+200     PABLO EMILIO RIVEROS,PABLO EMILIO RIVEROS,1,2,HERIDOS,0,CHOQUE,16,7,2022,False,Sin mortalidad
2022-07-13,CALLE 14 CALLE 16   CENTRO,CENTRO,2,1,HERIDOS,0,CHOQUE,13,7,2022,False,Sin mortalidad
2022-07-16,CARRERA 23  15 - 20 DORADO,DORADO,2,0,DAÃOS MATERIALES,0,CHOQUE,16,7,2022,False,Sin mortalidad
2022-07-25,CARRERA 36  12A - 6 INDEPENDENCIA,INDEPENDENCIA,1,0,HERIDOS,0,ATROPELLO,25,7,2022,False,Sin mortalidad
2022-07-31,CALLE 13 CARRERA 16   CENTRO,CENTRO,2,1,HERIDOS,0,CHOQUE,31,7,2022,False,Sin mortalidad
2022-07-30,CARRERA 17 CALLE 14   CENTRO,CENTRO,2,2,HERIDOS,0,CHOQUE,30,7,2022,False,Sin mortalidad
2022-07-11,KILOMETRO 46+600  GRANADA - VILLAVICENCIO  EL CENTRO,No registra,2,0,DAÃOS MATERIALES,0,CHOQUE,11,7,2022,False,Sin mortalidad
2022-07-22,KILOMETRO 46+500 BOMBA SEUZ GRANADA - VILLAVICENCIO,No registra,2,1,DAÃOS MATERIALES,0,CHOQUE,22,7,2022,False,Sin mortalidad
2022-08-12,CARRERA 18#16-10   -  SANTA ISABEL,SANTA ISABEL,2,1,HERIDOS,0,CHOQUE,12,8,2022,False,Sin mortalidad
2022-08-13,CARRERA 23#5A-05   -  PABLO EMILIO RIVEROS,PABLO EMILIO RIVEROS,2,1,HERIDOS,0,CHOQUE,13,8,2022,False,Sin mortalidad
2022-08-12,CARRERA 23#14-76   -  DORADO,DORADO,2,1,HERIDOS,0,CHOQUE,12,8,2022,False,Sin mortalidad
2022-08-13,KILOMETRO 18+700 MTS VIA A DINAMARCA  VEREDA /CAÃO HONDO   MONTELIBANO,No registra,1,1,HERIDOS,0,CHOQUE,13,8,2022,False,Sin mortalidad
2022-08-21,CARRERA 23 CALLE  19 -  MANCERA,MANCERA,2,2,HERIDOS,0,CHOQUE,21,8,2022,False,Sin mortalidad
2022-08-23,CARRERA 14 # 16 12  LAS VEGAS,LAS VEGAS,2,3,HERIDOS,0,CHOQUE,23,8,2022,False,Sin mortalidad
2022-08-27,CALLE 11 CARRERA  31A 15  LAS ACACIAS,LAS ACACIAS,1,0,MUERTOS,1,CHOQUE,27,8,2022,True,Con mortalidad
2022-08-12,KILOMETRO 48+400 MTS   -  VÃA GRANADA-VILLAVICENCIO EL CENTRO,Afueras de la ciudad,2,1,HERIDOS,0,CHOQUE,12,8,2022,False,Sin mortalidad
2022-09-05,CARRERA 29 DIAGONAL 15 -  VILLA DEL LLANO,VILLA DEL LLANO,2,1,HERIDOS,0,CHOQUE,5,9,2022,False,Sin mortalidad
2022-09-08,CALLE 15 CARRERA  15 -  CENTRO,CENTRO,2,2,HERIDOS,0,CHOQUE,8,9,2022,False,Sin mortalidad
2022-09-12,KILOMETRO 2+200 MTS   - VAQUEROS -CHICHIMENE,No registra,2,2,HERIDOS,0,CHOQUE,12,9,2022,False,Sin mortalidad
2022-09-11,CALLE 11 CARRERA  26 -  DORADO,DORADO,2,2,HERIDOS,0,CHOQUE,11,9,2022,False,Sin mortalidad
2022-09-12,DIAGONAL 15 # 29 43  VILLA LUCIA,VILLA LUCIA,2,1,HERIDOS,0,CHOQUE,12,9,2022,False,Sin mortalidad
2022-09-14,DIAGONAL 15 CARRERA  21 -  COOPERATIVO,COOPERATIVO,2,2,HERIDOS,0,CHOQUE,14,9,2022,False,Sin mortalidad
2022-09-14,KILOMETRO 52 GRAN/VILLAVICENCIO  -  VÃA GRANADA-VILLAVICENCIO,Afueras de la ciudad,2,1,HERIDOS,0,CHOQUE,14,9,2022,False,Sin mortalidad
2022-09-19,CALLE 10A CARRERA  26 -  LAS ACACIAS,LAS ACACIAS,2,1,HERIDOS,0,CHOQUE,19,9,2022,False,Sin mortalidad
2022-09-22,CARRERA 23 # 25 39  VILLA LUCIA,VILLA LUCIA,2,2,HERIDOS,0,CHOQUE,22,9,2022,False,Sin mortalidad
2022-09-25,DIAGONAL 5 VIA LLANO MAR  -  LLANO MAR,LLANO MAR,1,1,HERIDOS,0,CHOQUE,25,9,2022,False,Sin mortalidad
2022-06-13,KILOMETRO 47+610 MTS INTER VEREDA EL CENTRO    VÃA GRANADA-VILLAVICENCIO,Afueras de la ciudad,2,1,MUERTOS,1,CHOQUE,13,6,2022,True,Con mortalidad
2022-09-15,KILOMETRO 56+720 MTS    -  VÃA GRANADA-VILLAVICENCIO,Afueras de la ciudad,1,2,HERIDOS,0,ATROPELLO,15,9,2022,False,Sin mortalidad
2022-10-01,CALLE 18 FRENTE ALA VILLA OLIMPICA  -,No registra,2,2,HERIDOS,0,CHOQUE,1,10,2022,False,Sin mortalidad
2022-10-04,CALLE 18 # 20 46  MANCERA,MANCERA,2,1,HERIDOS,0,CHOQUE,4,10,2022,False,Sin mortalidad
2022-10-03,CALLE 18 CARRERA 7-52 -  SIN INFORMACIÃN DEL BARRIO,No registra,1,1,HERIDOS,0,ATROPELLO,3,10,2022,False,Sin mortalidad
2022-10-16,CARRERA 14 CALLE 17 -  SAN CRISTOBAL,SAN CRISTOBAL,1,2,MUERTOS,1,ATROPELLO,16,10,2022,True,Con mortalidad
2022-10-12,CALLE 12 CARRERA  38 INDEPEN II ETAPA  INDEPENDENCIA,INDEPENDENCIA,2,1,HERIDOS,0,CHOQUE,12,10,2022,False,Sin mortalidad
2022-10-16,CARRERA 31 CALLE  16C -  SIN INFORMACIÃN DEL BARRIO,No registra,2,2,HERIDOS,0,CHOQUE,16,10,2022,False,Sin mortalidad
2022-10-14,CALLE 12 CARRERA 25 -  DORADO,DORADO,2,2,HERIDOS,0,CHOQUE,14,10,2022,False,Sin mortalidad
2022-10-19,CARRERA 41 AVENIDA 23 PLAZA CENTENARIA  SIN INFORMACIÃN DEL BARRIO,No registra,1,1,MUERTOS,1,OTRO,19,10,2022,True,Con mortalidad
2022-10-21,CALLE 15 CARRERA  15-48 -  CENTRO,CENTRO,2,1,HERIDOS,0,CHOQUE,21,10,2022,False,Sin mortalidad
2022-10-25,AVENIDA 23 CALLE 29B -  ASOCIACIÃN DE AMIGOS,ASOCIACIÃN DE AMIGOS,2,1,HERIDOS,0,CHOQUE,25,10,2022,False,Sin mortalidad
2022-10-27,CARRERA  19 CALLE 18 FRENTE ALA VILLA OLIMPICA,No registra,1,1,HERIDOS,0,ATROPELLO,27,10,2022,False,Sin mortalidad
2022-10-09,KILOMETRO 44+500 MTS   -  VÃA GRANADA-VILLAVICENCIO,Afueras de la ciudad,2,2,HERIDOS,0,CHOQUE,9,10,2022,False,Sin mortalidad
2022-10-09,KILOMETRO 44+350 MTS   OROTOY  VÃA GRANADA-VILLAVICENCIO,Afueras de la ciudad,2,1,HERIDOS,0,CHOQUE,9,10,2022,False,Sin mortalidad
2022-10-16,KILOMETRO 47+400 MTS   VEREDA CENTRO  VÃA GRANADA-VILLAVICENCIO,Afueras de la ciudad,2,2,HERIDOS,0,CHOQUE,16,10,2022,False,Sin mortalidad
2022-11-07,CALLE 11 # 33-12  -  SAMAN,SAMAN,2,2,MUERTOS,1,CHOQUE,7,11,2022,True,Con mortalidad
2022-11-01,KILOMETRO 1+500 MTS   ACACIAS CHICHIMENE   ESMERALDA,No registra,1,3,HERIDOS,0,CHOQUE,1,11,2022,False,Sin mortalidad
2022-11-08,CALLE 14 CARRERA 12 -  JUAN MELLAO,JUAN MELLAO,2,2,HERIDOS,0,CHOQUE,8,11,2022,False,Sin mortalidad
2022-11-09,CALLE 13 CARRERA  27 -  SIN INFORMACIÃN DEL BARRIO,No registra,2,2,HERIDOS,0,CHOQUE,9,11,2022,False,Sin mortalidad
2022-11-15,CARRERA 22 CALLE  18 -  MANCERA,MANCERA,2,1,HERIDOS,0,CHOQUE,15,11,2022,False,Sin mortalidad
2022-11-17,CARRERA 36 CALLE  11 -  INDEPENDENCIA,INDEPENDENCIA,2,1,HERIDOS,0,CHOQUE,17,11,2022,False,Sin mortalidad
2022-11-19,AVENIDA 23 # 21B-30B -  GUARATARA II,GUARATARA II,2,1,HERIDOS,0,CHOQUE,19,11,2022,False,Sin mortalidad
2022-11-19,CARRERA 31 CALLES 16C 16D  BACHUE,BACHUE,1,1,HERIDOS,0,ATROPELLO,19,11,2022,False,Sin mortalidad
2022-11-23,CALLE 16 CARRERA  29 B/BOSQUE  EL BOSQUE,EL BOSQUE,2,1,HERIDOS,0,CHOQUE,23,11,2022,False,Sin mortalidad
2022-11-22,CARRERA 39 CALLE 11 -  INDEPENDENCIA,INDEPENDENCIA,2,1,HERIDOS,0,CHOQUE,22,11,2022,False,Sin mortalidad
2022-11-24,CALLE 14 # 25 - 44  -  SIN INFORMACIÃN DEL BARRIO,No registra,2,2,HERIDOS,0,CHOQUE,24,11,2022,False,Sin mortalidad
2022-11-26,CALLE 18 CARRERA 48 -  SIN INFORMACIÃN DEL BARRIO,No registra,2,1,HERIDOS,0,CHOQUE,26,11,2022,False,Sin mortalidad
2022-11-26,DIAGONAL 15 # 30-15 VILLA DEL SOL,No registra,2,2,HERIDOS,0,CHOQUE,26,11,2022,False,Sin mortalidad
2022-11-30,CARRERA 18 # 13-85 -  CENTRO,CENTRO,1,1,HERIDOS,0,ATROPELLO,30,11,2022,False,Sin mortalidad
2022-11-25,KILOMETRO 45+000 MTS   -  VÃA GRANADA-VILLAVICENCIO,Afueras de la ciudad,2,1,HERIDOS,0,CHOQUE,25,11,2022,False,Sin mortalidad
2022-12-02,CARRERA 31 CALLE  16F -  SIN INFORMACIÃN DEL BARRIO,No registra,2,1,HERIDOS,0,CHOQUE,2,12,2022,False,Sin mortalidad
2022-12-05,AVENIDA 23 CALLE  18 -  SIN INFORMACIÃN DEL BARRIO,No registra,1,2,HERIDOS,0,ATROPELLO,5,12,2022,False,Sin mortalidad
2022-12-10,CALLE 18 CRA 19 -  MANCERA,MANCERA,2,1,HERIDOS,0,CHOQUE,10,12,2022,False,Sin mortalidad
2022-12-11,CALLE 11 CARRERA  35A -  INDEPENDENCIA,INDEPENDENCIA,2,2,HERIDOS,0,CHOQUE,11,12,2022,False,Sin mortalidad
2022-12-18,CALLE 14 CARRERA  23 -  SIN INFORMACIÃN DEL BARRIO,No registra,2,1,HERIDOS,0,CHOQUE,18,12,2022,False,Sin mortalidad
2022-12-17,CALLE 18 CARRERA  14 -  SAN CRISTOBAL,SAN CRISTOBAL,2,1,HERIDOS,0,CHOQUE,17,12,2022,False,Sin mortalidad
2022-12-29,CALLE 11 CARRERA  24 -  DORADO,DORADO,2,1,HERIDOS,0,CHOQUE,29,12,2022,False,Sin mortalidad
2022-12-28,CARRERA 31 N  14-110 VILLA DEL SOL,No registra,1,1,HERIDOS,0,CHOQUE,28,12,2022,False,Sin mortalidad
2022-12-27,KILOMETRO 46+650 MTS   -  VÃA GRANADA-VILLAVICENCIO,Afueras de la ciudad,2,1,HERIDOS,0,CHOQUE,27,12,2022,False,Sin mortalidad
